Cst_Cnt,Btl_Cnt,Sta_ID,Depth_ID,Depthm,T_degC,Salnty
1,1,054.0 056.0,19-4903CR-HY-060-0930-05400560-0000A-3,0,10.5,33.44
1,2,054.0 056.0,19-4903CR-HY-060-0930-05400560-0008A-3,8,10.46,33.44
1,3,054.0 056.0,19-4903CR-HY-060-0930-05400560-0010A-7,10,10.46,33.437
1,4,054.0 056.0,19-4903CR-HY-060-0930-05400560-0019A-3,19,10.45,33.42
1,5,054.0 056.0,19-4903CR-HY-060-0930-05400560-0020A-7,20,10.45,33.421
1,6,054.0 056.0,19-4903CR-HY-060-0930-05400560-0030A-7,30,10.45,33.431
1,7,054.0 056.0,19-4903CR-HY-060-0930-05400560-0039A-3,39,10.45,33.44
1,8,054.0 056.0,19-4903CR-HY-060-0930-05400560-0050A-7,50,10.24,33.424
1,9,054.0 056.0,19-4903CR-HY-060-0930-05400560-0058A-3,58,10.06,33.42
1,10,054.0 056.0,19-4903CR-HY-060-0930-05400560-0075A-7,75,9.86,33.494
1,11,054.0 056.0,19-4903CR-HY-060-0930-05400560-0078A-3,78,9.83,33.51
1,12,054.0 056.0,19-4903CR-HY-060-0930-05400560-0100A-7,100,9.67,33.58
1,13,054.0 056.0,19-4903CR-HY-060-0930-05400560-0117A-3,117,9.5,33.64
1,14,054.0 056.0,19-4903CR-HY-060-0930-05400560-0125A-7,125,9.32,33.689
1,15,054.0 056.0,19-4903CR-HY-060-0930-05400560-0150A-7,150,8.76,33.847
1,16,054.0 056.0,19-4903CR-HY-060-0930-05400560-0152A-3,152,8.71,33.86
1,17,054.0 056.0,19-4903CR-HY-060-0930-05400560-0200A-7,200,8.53,33.876
1,18,054.0 056.0,19-4903CR-HY-060-0930-05400560-0221A-3,221,8.45,33.83
1,19,054.0 056.0,19-4903CR-HY-060-0930-05400560-0250A-7,250,8.26,33.926
1,20,054.0 056.0,19-4903CR-HY-060-0930-05400560-0285A-3,285,7.96,33.98
1,21,054.0 056.0,19-4903CR-HY-060-0930-05400560-0300A-7,300,7.77,33.99
1,22,054.0 056.0,19-4903CR-HY-060-0930-05400560-0373A-3,373,6.8,34.04
1,23,054.0 056.0,19-4903CR-HY-060-0930-05400560-0400A-7,400,6.55,34.056
1,24,054.0 056.0,19-4903CR-HY-060-0930-05400560-0500A-7,500,5.78,34.113
1,25,054.0 056.0,19-4903CR-HY-060-0930-05400560-0598A-3,598,5.3,34.16
1,26,054.0 056.0,19-4903CR-HY-060-0930-05400560-0600A-7,600,5.29,34.161
1,27,054.0 056.0,19-4903CR-HY-060-0930-05400560-0700A-7,700,5.01,34.21
1,28,054.0 056.0,19-4903CR-HY-060-0930-05400560-0800A-7,800,4.72,34.261
1,29,054.0 056.0,19-4903CR-HY-060-0930-05400560-0896A-3,896,4.44,34.31
2,30,052.0 075.0,19-4903CR-HY-060-2112-05200750-0000B-3,0,10.1,32.95
2,31,052.0 075.0,19-4903CR-HY-060-2112-05200750-0010A-3,10,9.89,32.94
2,32,052.0 075.0,19-4903CR-HY-060-2112-05200750-0020A-7,20,9.75,32.939
2,33,052.0 075.0,19-4903CR-HY-060-2112-05200750-0024A-3,24,9.69,32.95
2,34,052.0 075.0,19-4903CR-HY-060-2112-05200750-0030A-7,30,9.52,33.013
2,35,052.0 075.0,19-4903CR-HY-060-2112-05200750-0047A-3,47,9.06,33.24
2,36,052.0 075.0,19-4903CR-HY-060-2112-05200750-0050A-7,50,9.04,33.272
2,37,052.0 075.0,19-4903CR-HY-060-2112-05200750-0071A-3,71,8.92,33.46
2,38,052.0 075.0,19-4903CR-HY-060-2112-05200750-0075A-7,75,8.83,33.488
2,39,052.0 075.0,19-4903CR-HY-060-2112-05200750-0094A-3,94,8.37,33.6
2,40,052.0 075.0,19-4903CR-HY-060-2112-05200750-0100A-7,100,8.26,33.631
2,41,052.0 075.0,19-4903CR-HY-060-2112-05200750-0125A-7,125,7.85,33.745
2,42,052.0 075.0,19-4903CR-HY-060-2112-05200750-0140A-3,140,7.64,33.8
2,43,052.0 075.0,19-4903CR-HY-060-2112-05200750-0150A-7,150,7.5,33.833
2,44,052.0 075.0,19-4903CR-HY-060-2112-05200750-0189A-3,189,6.98,33.93
2,45,052.0 075.0,19-4903CR-HY-060-2112-05200750-0200A-7,200,6.85,33.939
2,46,052.0 075.0,19-4903CR-HY-060-2112-05200750-0250A-7,250,6.32,33.943
2,47,052.0 075.0,19-4903CR-HY-060-2112-05200750-0282A-3,282,6.05,33.95
2,48,052.0 075.0,19-4903CR-HY-060-2112-05200750-0300A-7,300,5.95,33.957
2,49,052.0 075.0,19-4903CR-HY-060-2112-05200750-0379A-3,379,5.6,34
2,50,052.0 075.0,19-4903CR-HY-060-2112-05200750-0400A-7,400,5.5,34.016
2,51,052.0 075.0,19-4903CR-HY-060-2112-05200750-0500A-7,500,5.02,34.101
2,52,052.0 075.0,19-4903CR-HY-060-2112-05200750-0565A-3,565,4.74,34.16
2,53,052.0 075.0,19-4903CR-HY-060-2112-05200750-0600A-7,600,4.62,34.188
2,54,052.0 075.0,19-4903CR-HY-060-2112-05200750-0700A-7,700,4.33,34.259
2,55,052.0 075.0,19-4903CR-HY-060-2112-05200750-0800A-7,800,4.08,34.319
2,56,052.0 075.0,19-4903CR-HY-060-2112-05200750-0840A-3,840,3.99,34.34
2,57,052.0 075.0,19-4903CR-HY-060-2112-05200750-0900A-7,900,3.85,34.354
2,58,052.0 075.0,19-4903CR-HY-060-2112-05200750-1000A-7,1000,3.62,34.378
2,59,052.0 075.0,19-4903CR-HY-060-2112-05200750-1100A-7,1100,3.38,34.403
2,60,052.0 075.0,19-4903CR-HY-060-2112-05200750-1200A-7,1200,3.15,34.429
2,61,052.0 075.0,19-4903CR-HY-060-2112-05200750-1203A-3,1203,3.14,34.43
3,62,051.0 085.0,19-4903CR-HY-061-0354-05100850-0000B-3,0,10.2,32.63
3,63,051.0 085.0,19-4903CR-HY-061-0354-05100850-0010A-3,10,10.05,32.66
3,64,051.0 085.0,19-4903CR-HY-061-0354-05100850-0020A-7,20,9.95,32.66
3,65,051.0 085.0,19-4903CR-HY-061-0354-05100850-0022A-3,22,9.94,32.66
3,66,051.0 085.0,19-4903CR-HY-061-0354-05100850-0030A-7,30,9.92,32.673
3,67,051.0 085.0,19-4903CR-HY-061-0354-05100850-0038A-3,38,9.87,32.68
3,68,051.0 085.0,19-4903CR-HY-061-0354-05100850-0049A-3,49,9.62,32.75
3,69,051.0 085.0,19-4903CR-HY-061-0354-05100850-0050A-7,50,9.66,32.736
3,70,051.0 085.0,19-4903CR-HY-061-0354-05100850-0055A-3,55,9.9,32.66
3,71,051.0 085.0,19-4903CR-HY-061-0354-05100850-0073A-3,73,9.65,32.74
3,72,051.0 085.0,19-4903CR-HY-061-0354-05100850-0075A-7,75,9.62,32.765
3,73,051.0 085.0,19-4903CR-HY-061-0354-05100850-0099A-3,99,9.23,33.12
3,74,051.0 085.0,19-4903CR-HY-061-0354-05100850-0100A-7,100,9.21,33.132
3,75,051.0 085.0,19-4903CR-HY-061-0354-05100850-0125A-7,125,8.79,33.398
3,76,051.0 085.0,19-4903CR-HY-061-0354-05100850-0150A-7,150,8.37,33.605
3,77,051.0 085.0,19-4903CR-HY-061-0354-05100850-0191A-3,191,7.71,33.82
3,78,051.0 085.0,19-4903CR-HY-061-0354-05100850-0200A-7,200,7.58,33.844
3,79,051.0 085.0,19-4903CR-HY-061-0354-05100850-0250A-7,250,6.93,33.926
3,80,051.0 085.0,19-4903CR-HY-061-0354-05100850-0290A-3,290,6.47,33.93
3,81,051.0 085.0,19-4903CR-HY-061-0354-05100850-0300A-7,300,6.37,33.941
3,82,051.0 085.0,19-4903CR-HY-061-0354-05100850-0400A-7,400,5.54,34.041
3,83,051.0 085.0,19-4903CR-HY-061-0354-05100850-0488A-3,488,5.02,34.11
3,84,051.0 085.0,19-4903CR-HY-061-0354-05100850-0500A-7,500,4.97,34.113
3,85,051.0 085.0,19-4903CR-HY-061-0354-05100850-0600A-7,600,4.59,34.135
3,86,051.0 085.0,19-4903CR-HY-061-0354-05100850-0700A-7,700,4.31,34.151
3,87,051.0 085.0,19-4903CR-HY-061-0354-05100850-0789A-3,789,4.14,34.16
3,88,051.0 085.0,19-4903CR-HY-061-0354-05100850-0800A-7,800,4.11,34.169
3,89,051.0 085.0,19-4903CR-HY-061-0354-05100850-0900A-7,900,3.89,34.252
3,90,051.0 085.0,19-4903CR-HY-061-0354-05100850-1000A-7,1000,3.66,34.336
3,91,051.0 085.0,19-4903CR-HY-061-0354-05100850-1100A-7,1100,3.43,34.421
3,92,051.0 085.0,19-4903CR-HY-061-0354-05100850-1134A-3,1134,3.35,34.45
4,93,050.0 095.0,19-4903CR-HY-061-1042-05000950-0000B-3,0,10.4,32.68
4,94,050.0 095.0,19-4903CR-HY-061-1042-05000950-0008A-3,8,10.22,32.7
4,95,050.0 095.0,19-4903CR-HY-061-1042-05000950-0010A-7,10,10.2,32.694
4,96,050.0 095.0,19-4903CR-HY-061-1042-05000950-0019A-3,19,10.14,32.66
4,97,050.0 095.0,19-4903CR-HY-061-1042-05000950-0020A-7,20,10.14,32.657
4,98,050.0 095.0,19-4903CR-HY-061-1042-05000950-0030A-7,30,10.07,32.641
4,99,050.0 095.0,19-4903CR-HY-061-1042-05000950-0040A-3,40,9.97,34.157
4,100,050.0 095.0,19-4903CR-HY-061-1042-05000950-0050A-7,50,9.72,32.699
4,101,050.0 095.0,19-4903CR-HY-061-1042-05000950-0062A-3,62,9.42,32.79
4,102,050.0 095.0,19-4903CR-HY-061-1042-05000950-0075A-7,75,9.32,32.967
4,103,050.0 095.0,19-4903CR-HY-061-1042-05000950-0084A-3,84,9.27,33.1
4,104,050.0 095.0,19-4903CR-HY-061-1042-05000950-0100A-7,100,9.02,33.286
4,105,050.0 095.0,19-4903CR-HY-061-1042-05000950-0125A-7,125,8.6,33.533
4,106,050.0 095.0,19-4903CR-HY-061-1042-05000950-0127A-3,127,8.56,33.55
4,107,050.0 095.0,19-4903CR-HY-061-1042-05000950-0150A-7,150,8.32,33.746
4,108,050.0 095.0,19-4903CR-HY-061-1042-05000950-0164A-3,164,8.18,33.84
4,109,050.0 095.0,19-4903CR-HY-061-1042-05000950-0200A-7,200,7.71,33.863
4,110,050.0 095.0,19-4903CR-HY-061-1042-05000950-0242A-3,242,7.16,33.89
4,111,050.0 095.0,19-4903CR-HY-061-1042-05000950-0250A-7,250,7.08,33.893
4,112,050.0 095.0,19-4903CR-HY-061-1042-05000950-0300A-7,300,6.61,33.91
4,113,050.0 095.0,19-4903CR-HY-061-1042-05000950-0329A-3,329,6.38,33.75
4,114,050.0 095.0,19-4903CR-HY-061-1042-05000950-0400A-7,400,5.79,33.955
4,115,050.0 095.0,19-4903CR-HY-061-1042-05000950-0492A-3,492,5.14,34
4,116,050.0 095.0,19-4903CR-HY-061-1042-05000950-0500A-7,500,5.1,34.01
4,117,050.0 095.0,19-4903CR-HY-061-1042-05000950-0600A-7,600,4.65,34.128
4,118,050.0 095.0,19-4903CR-HY-061-1042-05000950-0700A-7,700,4.31,34.245
4,119,050.0 095.0,19-4903CR-HY-061-1042-05000950-0739A-3,739,4.21,34.29
4,120,050.0 095.0,19-4903CR-HY-061-1042-05000950-0800A-7,800,4.07,34.309
4,121,050.0 095.0,19-4903CR-HY-061-1042-05000950-0900A-7,900,3.83,34.34
4,122,050.0 095.0,19-4903CR-HY-061-1042-05000950-1000A-7,1000,3.59,34.372
4,123,050.0 095.0,19-4903CR-HY-061-1042-05000950-1085A-3,1085,3.39,34.4
5,124,050.0 104.0,19-4903CR-HY-061-1706-05001040-0000B-3,0,10.5,32.75
5,125,050.0 104.0,19-4903CR-HY-061-1706-05001040-0008A-3,8,10.52,32.75
5,126,050.0 104.0,19-4903CR-HY-061-1706-05001040-0010A-7,10,10.51,32.748
5,127,050.0 104.0,19-4903CR-HY-061-1706-05001040-0019A-3,19,10.48,32.74
5,128,050.0 104.0,19-4903CR-HY-061-1706-05001040-0020A-7,20,10.47,32.74
5,129,050.0 104.0,19-4903CR-HY-061-1706-05001040-0030A-7,30,10.34,32.737
5,130,050.0 104.0,19-4903CR-HY-061-1706-05001040-0037A-3,37,10.2,33.5
5,131,050.0 104.0,19-4903CR-HY-061-1706-05001040-0050A-7,50,9.85,32.738
5,132,050.0 104.0,19-4903CR-HY-061-1706-05001040-0055A-3,55,9.7,32.74
5,133,050.0 104.0,19-4903CR-HY-061-1706-05001040-0071A-3,71,9.29,32.74
5,134,050.0 104.0,19-4903CR-HY-061-1706-05001040-0075A-7,75,9.2,32.791
5,135,050.0 104.0,19-4903CR-HY-061-1706-05001040-0100A-3,100,9.35,33.42
5,136,050.0 104.0,19-4903CR-HY-061-1706-05001040-0125A-7,125,8.28,33.565
5,137,050.0 104.0,19-4903CR-HY-061-1706-05001040-0128A-3,128,8.24,33.62
5,138,050.0 104.0,19-4903CR-HY-061-1706-05001040-0150A-7,150,7.95,33.724
5,139,050.0 104.0,19-4903CR-HY-061-1706-05001040-0191A-3,191,7.5,33.78
5,140,050.0 104.0,19-4903CR-HY-061-1706-05001040-0200A-7,200,7.42,33.807
5,141,050.0 104.0,19-4903CR-HY-061-1706-05001040-0250A-7,250,6.98,33.938
5,142,050.0 104.0,19-4903CR-HY-061-1706-05001040-0255A-3,255,6.94,33.95
5,143,050.0 104.0,19-4903CR-HY-061-1706-05001040-0300A-7,300,6.54,33.988
5,144,050.0 104.0,19-4903CR-HY-061-1706-05001040-0380A-3,380,5.86,34
5,145,050.0 104.0,19-4903CR-HY-061-1706-05001040-0400A-7,400,5.77,34.012
5,146,050.0 104.0,19-4903CR-HY-061-1706-05001040-0500A-7,500,5.3,34.075
5,147,050.0 104.0,19-4903CR-HY-061-1706-05001040-0600A-7,600,4.83,34.141
5,148,050.0 104.0,19-4903CR-HY-061-1706-05001040-0700A-7,700,4.36,34.211
5,149,050.0 104.0,19-4903CR-HY-061-1706-05001040-0755A-3,755,4.1,34.25
6,150,049.0 114.0,19-4903CR-HY-062-0036-04901140-0000B-3,0,11.6,32.88
6,151,049.0 114.0,19-4903CR-HY-062-0036-04901140-0009A-3,9,11.69,32.86
6,152,049.0 114.0,19-4903CR-HY-062-0036-04901140-0010A-7,10,11.69,32.86
6,153,049.0 114.0,19-4903CR-HY-062-0036-04901140-0020A-7,20,11.66,32.86
6,154,049.0 114.0,19-4903CR-HY-062-0036-04901140-0023A-3,23,11.64,32.86
6,155,049.0 114.0,19-4903CR-HY-062-0036-04901140-0030A-7,30,11.64,32.863
6,156,049.0 114.0,19-4903CR-HY-062-0036-04901140-0047A-3,47,11.64,32.88
6,157,049.0 114.0,19-4903CR-HY-062-0036-04901140-0050A-7,50,11.61,32.882
6,158,049.0 114.0,19-4903CR-HY-062-0036-04901140-0071A-3,71,11.36,32.9
6,159,049.0 114.0,19-4903CR-HY-062-0036-04901140-0075A-7,75,11.18,32.927
6,160,049.0 114.0,19-4903CR-HY-062-0036-04901140-0094A-3,94,10.2,33.1
6,161,049.0 114.0,19-4903CR-HY-062-0036-04901140-0100A-7,100,9.9,33.165
6,162,049.0 114.0,19-4903CR-HY-062-0036-04901140-0125A-7,125,8.83,33.425
6,163,049.0 114.0,19-4903CR-HY-062-0036-04901140-0141A-3,141,8.29,33.58
6,164,049.0 114.0,19-4903CR-HY-062-0036-04901140-0150A-7,150,8.11,33.638
6,165,049.0 114.0,19-4903CR-HY-062-0036-04901140-0187A-3,187,7.65,33.8
6,166,049.0 114.0,19-4903CR-HY-062-0036-04901140-0200A-7,200,7.5,33.833
6,167,049.0 114.0,19-4903CR-HY-062-0036-04901140-0250A-7,250,6.98,33.916
6,168,049.0 114.0,19-4903CR-HY-062-0036-04901140-0279A-3,279,6.72,33.93
6,169,049.0 114.0,19-4903CR-HY-062-0036-04901140-0300A-7,300,6.54,33.944
6,170,049.0 114.0,19-4903CR-HY-062-0036-04901140-0377A-3,377,5.96,33.98
6,171,049.0 114.0,19-4903CR-HY-062-0036-04901140-0400A-7,400,5.78,33.996
6,172,049.0 114.0,19-4903CR-HY-062-0036-04901140-0500A-7,500,5.09,34.073
6,173,049.0 114.0,19-4903CR-HY-062-0036-04901140-0568A-3,568,4.68,34.13
6,174,049.0 114.0,19-4903CR-HY-062-0036-04901140-0600A-7,600,4.54,34.154
6,175,049.0 114.0,19-4903CR-HY-062-0036-04901140-0700A-7,700,4.17,34.225
6,176,049.0 114.0,19-4903CR-HY-062-0036-04901140-0800A-7,800,3.88,34.286
6,177,049.0 114.0,19-4903CR-HY-062-0036-04901140-0846A-3,846,3.78,34.31
6,178,049.0 114.0,19-4903CR-HY-062-0036-04901140-0900A-7,900,3.67,34.321
6,179,049.0 114.0,19-4903CR-HY-062-0036-04901140-1000A-7,1000,3.48,34.342
6,180,049.0 114.0,19-4903CR-HY-062-0036-04901140-1100A-7,1100,3.28,34.363
6,181,049.0 114.0,19-4903CR-HY-062-0036-04901140-1200A-7,1200,3.08,34.385
6,182,049.0 114.0,19-4903CR-HY-062-0036-04901140-1300A-7,1300,2.88,34.408
6,183,049.0 114.0,19-4903CR-HY-062-0036-04901140-1352A-3,1352,2.78,34.42
7,184,056.7 146.0,19-4903CR-HY-063-0506-05671460-0000B-3,0,12.5,33.17
7,185,056.7 146.0,19-4903CR-HY-063-0506-05671460-0008A-3,8,12.66,33.24
7,186,056.7 146.0,19-4903CR-HY-063-0506-05671460-0010A-7,10,12.66,33.212
7,187,056.7 146.0,19-4903CR-HY-063-0506-05671460-0020A-7,20,12.64,33.057
7,188,056.7 146.0,19-4903CR-HY-063-0506-05671460-0021A-3,21,12.64,33.04
7,189,056.7 146.0,19-4903CR-HY-063-0506-05671460-0030A-7,30,12.64,33.068
7,190,056.7 146.0,19-4903CR-HY-063-0506-05671460-0043A-3,43,12.64,33.17
7,191,056.7 146.0,19-4903CR-HY-063-0506-05671460-0050A-7,50,12.64,33.159
7,192,056.7 146.0,19-4903CR-HY-063-0506-05671460-0065A-3,65,12.63,33.13
7,193,056.7 146.0,19-4903CR-HY-063-0506-05671460-0075A-7,75,12.64,33.158
7,194,056.7 146.0,19-4903CR-HY-063-0506-05671460-0087A-3,87,12.66,33.22
7,195,056.7 146.0,19-4903CR-HY-063-0506-05671460-0100A-7,100,12.52,33.283
7,196,056.7 146.0,19-4903CR-HY-063-0506-05671460-0125A-7,125,11.94,33.383
7,197,056.7 146.0,19-4903CR-HY-063-0506-05671460-0130A-3,130,11.77,33.4
7,198,056.7 146.0,19-4903CR-HY-063-0506-05671460-0150A-7,150,10.84,33.42
7,199,056.7 146.0,19-4903CR-HY-063-0506-05671460-0172A-3,172,9.73,33.44
7,200,056.7 146.0,19-4903CR-HY-063-0506-05671460-0200A-7,200,8.9,33.518
7,201,056.7 146.0,19-4903CR-HY-063-0506-05671460-0250A-7,250,7.75,33.672
7,202,056.7 146.0,19-4903CR-HY-063-0506-05671460-0254A-3,254,8.16,33.86
7,203,056.7 146.0,19-4903CR-HY-063-0506-05671460-0300A-7,300,7.03,33.828
7,204,056.7 146.0,19-4903CR-HY-063-0506-05671460-0341A-3,341,6.76,33.95
7,205,056.7 146.0,19-4903CR-HY-063-0506-05671460-0400A-7,400,6.07,33.932
7,206,056.7 146.0,19-4903CR-HY-063-0506-05671460-0500A-7,500,5.21,33.942
7,207,056.7 146.0,19-4903CR-HY-063-0506-05671460-0514A-3,514,5.12,33.8
7,208,056.7 146.0,19-4903CR-HY-063-0506-05671460-0600A-7,600,4.71,33.996
7,209,056.7 146.0,19-4903CR-HY-063-0506-05671460-0700A-7,700,4.38,34.086
7,210,056.7 146.0,19-4903CR-HY-063-0506-05671460-0747A-3,747,4.28,34.14
7,211,056.7 146.0,19-4903CR-HY-063-0506-05671460-0800A-7,800,4.14,34.166
7,212,056.7 146.0,19-4903CR-HY-063-0506-05671460-0900A-7,900,3.89,34.217
7,213,056.7 146.0,19-4903CR-HY-063-0506-05671460-1000A-7,1000,3.63,34.268
7,214,056.7 146.0,19-4903CR-HY-063-0506-05671460-1100A-7,1100,3.37,34.32
7,215,056.7 146.0,19-4903CR-HY-063-0506-05671460-1200A-7,1200,3.11,34.374
7,216,056.7 146.0,19-4903CR-HY-063-0506-05671460-1212A-3,1212,3.08,34.38
8,217,056.7 136.0,19-4903CR-HY-063-1154-05671360-0000B-3,0,12.2,33.13
8,218,056.7 136.0,19-4903CR-HY-063-1154-05671360-0007A-3,7,12.22,32.92
8,219,056.7 136.0,19-4903CR-HY-063-1154-05671360-0010A-7,10,12.22,32.9
8,220,056.7 136.0,19-4903CR-HY-063-1154-05671360-0019A-3,19,12.23,32.84
8,221,056.7 136.0,19-4903CR-HY-063-1154-05671360-0020A-7,20,12.23,32.842
8,222,056.7 136.0,19-4903CR-HY-063-1154-05671360-0030A-7,30,12.23,32.858
8,223,056.7 136.0,19-4903CR-HY-063-1154-05671360-0037A-3,37,12.23,33.85
8,224,056.7 136.0,19-4903CR-HY-063-1154-05671360-0050A-7,50,12.21,32.891
8,225,056.7 136.0,19-4903CR-HY-063-1154-05671360-0055A-3,55,12.2,32.9
8,226,056.7 136.0,19-4903CR-HY-063-1154-05671360-0074A-3,74,12.24,33.04
8,227,056.7 136.0,19-4903CR-HY-063-1154-05671360-0075A-7,75,12.25,33.042
8,228,056.7 136.0,19-4903CR-HY-063-1154-05671360-0100A-7,100,12.49,33.096
8,229,056.7 136.0,19-4903CR-HY-063-1154-05671360-0111A-3,111,12.6,33.12
8,230,056.7 136.0,19-4903CR-HY-063-1154-05671360-0125A-7,125,11.74,33.164
8,231,056.7 136.0,19-4903CR-HY-063-1154-05671360-0150A-7,150,9.91,33.293
8,232,056.7 136.0,19-4903CR-HY-063-1154-05671360-0151A-3,151,9.83,33.3
8,233,056.7 136.0,19-4903CR-HY-063-1154-05671360-0200A-7,200,8.3,33.66
8,234,056.7 136.0,19-4903CR-HY-063-1154-05671360-0217A-3,217,8.06,33.77
8,235,056.7 136.0,19-4903CR-HY-063-1154-05671360-0250A-7,250,7.61,33.874
8,236,056.7 136.0,19-4903CR-HY-063-1154-05671360-0291A-3,291,7.21,33.93
8,237,056.7 136.0,19-4903CR-HY-063-1154-05671360-0300A-7,300,7.1,33.934
8,238,056.7 136.0,19-4903CR-HY-063-1154-05671360-0400A-7,400,5.93,33.934
8,239,056.7 136.0,19-4903CR-HY-063-1154-05671360-0443A-3,443,5.49,33.91
8,240,056.7 136.0,19-4903CR-HY-063-1154-05671360-0500A-7,500,5.13,33.936
8,241,056.7 136.0,19-4903CR-HY-063-1154-05671360-0600A-7,600,4.67,33.993
8,242,056.7 136.0,19-4903CR-HY-063-1154-05671360-0681A-3,681,4.44,34.05
8,243,056.7 136.0,19-4903CR-HY-063-1154-05671360-0700A-7,700,4.39,34.061
8,244,056.7 136.0,19-4903CR-HY-063-1154-05671360-0800A-7,800,4.11,34.12
8,245,056.7 136.0,19-4903CR-HY-063-1154-05671360-0900A-7,900,3.84,34.179
8,246,056.7 136.0,19-4903CR-HY-063-1154-05671360-1000A-7,1000,3.56,34.24
8,247,056.7 136.0,19-4903CR-HY-063-1154-05671360-1016A-3,1016,3.52,34.25
9,248,058.0 127.0,19-4903CR-HY-063-1742-05801270-0000B-3,0,12,32.97
9,249,058.0 127.0,19-4903CR-HY-063-1742-05801270-0009A-3,9,8.86,32.94
9,250,058.0 127.0,19-4903CR-HY-063-1742-05801270-0010A-7,10,12,32.94
9,251,058.0 127.0,19-4903CR-HY-063-1742-05801270-0020A-7,20,11.99,32.94
9,252,058.0 127.0,19-4903CR-HY-063-1742-05801270-0022A-3,22,11.99,32.94
9,253,058.0 127.0,19-4903CR-HY-063-1742-05801270-0030A-7,30,11.99,32.963
9,254,058.0 127.0,19-4903CR-HY-063-1742-05801270-0044A-3,44,12,33.01
9,255,058.0 127.0,19-4903CR-HY-063-1742-05801270-0050A-7,50,11.95,33
9,256,058.0 127.0,19-4903CR-HY-063-1742-05801270-0067A-3,67,11.7,32.95
9,257,058.0 127.0,19-4903CR-HY-063-1742-05801270-0075A-7,75,11.57,32.983
9,258,058.0 127.0,19-4903CR-HY-063-1742-05801270-0090A-3,90,11.2,33.08
9,259,058.0 127.0,19-4903CR-HY-063-1742-05801270-0100A-7,100,10.67,33.15
9,260,058.0 127.0,19-4903CR-HY-063-1742-05801270-0125A-7,125,9.36,33.356
9,261,058.0 127.0,19-4903CR-HY-063-1742-05801270-0134A-3,134,8.88,33.44
9,262,058.0 127.0,19-4903CR-HY-063-1742-05801270-0150A-7,150,8.56,33.585
9,263,058.0 127.0,19-4903CR-HY-063-1742-05801270-0174A-3,174,8.31,33.78
9,264,058.0 127.0,19-4903CR-HY-063-1742-05801270-0200A-7,200,7.98,33.806
9,265,058.0 127.0,19-4903CR-HY-063-1742-05801270-0246A-3,246,8.32,33.95
9,266,058.0 127.0,19-4903CR-HY-063-1742-05801270-0250A-7,250,7.38,33.952
9,267,058.0 127.0,19-4903CR-HY-063-1742-05801270-0300A-7,300,6.86,33.946
9,268,058.0 127.0,19-4903CR-HY-063-1742-05801270-0319A-3,319,6.68,33.98
9,269,058.0 127.0,19-4903CR-HY-063-1742-05801270-0400A-7,400,5.94,33.98
9,270,058.0 127.0,19-4903CR-HY-063-1742-05801270-0479A-3,479,5.34,33.98
9,271,058.0 127.0,19-4903CR-HY-063-1742-05801270-0500A-7,500,5.22,33.996
9,272,058.0 127.0,19-4903CR-HY-063-1742-05801270-0600A-7,600,4.73,34.082
9,273,058.0 127.0,19-4903CR-HY-063-1742-05801270-0700A-7,700,4.37,34.18
9,274,058.0 127.0,19-4903CR-HY-063-1742-05801270-0719A-3,719,4.32,34.2
9,275,058.0 127.0,19-4903CR-HY-063-1742-05801270-0800A-7,800,4.11,34.229
9,276,058.0 127.0,19-4903CR-HY-063-1742-05801270-0900A-7,900,3.84,34.266
9,277,058.0 127.0,19-4903CR-HY-063-1742-05801270-1000A-7,1000,3.58,34.304
9,278,058.0 127.0,19-4903CR-HY-063-1742-05801270-1100A-7,1100,3.32,34.343
9,279,058.0 127.0,19-4903CR-HY-063-1742-05801270-1144A-3,1144,3.2,34.36
10,280,059.0 117.0,19-4903CR-HY-063-2354-05901170-0000B-3,0,11.7,32.88
10,281,059.0 117.0,19-4903CR-HY-063-2354-05901170-0008A-3,8,11.62,32.84
10,282,059.0 117.0,19-4903CR-HY-063-2354-05901170-0010A-7,10,11.61,32.84
10,283,059.0 117.0,19-4903CR-HY-063-2354-05901170-0019A-3,19,11.58,32.84
10,284,059.0 117.0,19-4903CR-HY-063-2354-05901170-0020A-7,20,11.58,32.838
10,285,059.0 117.0,19-4903CR-HY-063-2354-05901170-0030A-7,30,11.58,32.821
10,286,059.0 117.0,19-4903CR-HY-063-2354-05901170-0039A-3,39,11.58,32.81
10,287,059.0 117.0,19-4903CR-HY-063-2354-05901170-0050A-7,50,11.56,32.847
10,288,059.0 117.0,19-4903CR-HY-063-2354-05901170-0059A-3,59,11.54,32.88
10,289,059.0 117.0,19-4903CR-HY-063-2354-05901170-0075A-7,75,11.31,32.827
10,290,059.0 117.0,19-4903CR-HY-063-2354-05901170-0079A-3,79,11.23,32.81
10,291,059.0 117.0,19-4903CR-HY-063-2354-05901170-0100A-7,100,10.82,32.936
10,292,059.0 117.0,19-4903CR-HY-063-2354-05901170-0120A-3,120,10.36,33.12
10,293,059.0 117.0,19-4903CR-HY-063-2354-05901170-0125A-7,125,10.21,33.147
10,294,059.0 117.0,19-4903CR-HY-063-2354-05901170-0150A-7,150,9.49,33.284
10,295,059.0 117.0,19-4903CR-HY-063-2354-05901170-0162A-3,162,9.16,33.35
10,296,059.0 117.0,19-4903CR-HY-063-2354-05901170-0200A-7,200,8.71,33.665
10,297,059.0 117.0,19-4903CR-HY-063-2354-05901170-0240A-3,240,8.49,33.95
10,298,059.0 117.0,19-4903CR-HY-063-2354-05901170-0250A-7,250,8.39,33.951
10,299,059.0 117.0,19-4903CR-HY-063-2354-05901170-0300A-7,300,7.91,33.957
10,300,059.0 117.0,19-4903CR-HY-063-2354-05901170-0326A-3,326,7.66,33.96
10,301,059.0 117.0,19-4903CR-HY-063-2354-05901170-0400A-7,400,6.99,34.03
10,302,059.0 117.0,19-4903CR-HY-063-2354-05901170-0491A-3,491,6.24,34.13
10,303,059.0 117.0,19-4903CR-HY-063-2354-05901170-0500A-7,500,6.17,34.134
10,304,059.0 117.0,19-4903CR-HY-063-2354-05901170-0600A-7,600,5.48,34.166
10,305,059.0 117.0,19-4903CR-HY-063-2354-05901170-0700A-7,700,4.89,34.18
10,306,059.0 117.0,19-4903CR-HY-063-2354-05901170-0734A-3,734,4.72,34.18
10,307,059.0 117.0,19-4903CR-HY-063-2354-05901170-0800A-7,800,4.53,34.198
10,308,059.0 117.0,19-4903CR-HY-063-2354-05901170-0900A-7,900,4.23,34.226
10,309,059.0 117.0,19-4903CR-HY-063-2354-05901170-1000A-7,1000,3.94,34.255
10,310,059.0 117.0,19-4903CR-HY-063-2354-05901170-1100A-7,1100,3.65,34.285
10,311,059.0 117.0,19-4903CR-HY-063-2354-05901170-1178A-3,1178,3.42,34.31
11,312,059.0 107.0,19-4903CR-HY-064-0612-05901070-0000B-3,0,11.5,32.77
11,313,059.0 107.0,19-4903CR-HY-064-0612-05901070-0008A-3,8,11.5,32.84
11,314,059.0 107.0,19-4903CR-HY-064-0612-05901070-0010A-7,10,11.5,32.843
11,315,059.0 107.0,19-4903CR-HY-064-0612-05901070-0020A-7,20,11.5,32.858
11,316,059.0 107.0,19-4903CR-HY-064-0612-05901070-0021A-3,21,11.5,32.86
11,317,059.0 107.0,19-4903CR-HY-064-0612-05901070-0030A-7,30,11.52,32.81
11,318,059.0 107.0,19-4903CR-HY-064-0612-05901070-0041A-3,41,11.53,32.75
11,319,059.0 107.0,19-4903CR-HY-064-0612-05901070-0050A-7,50,11.49,32.769
11,320,059.0 107.0,19-4903CR-HY-064-0612-05901070-0062A-3,62,11.42,32.83
11,321,059.0 107.0,19-4903CR-HY-064-0612-05901070-0075A-7,75,11.4,32.908
11,322,059.0 107.0,19-4903CR-HY-064-0612-05901070-0082A-3,82,11.37,32.95
11,323,059.0 107.0,19-4903CR-HY-064-0612-05901070-0100A-7,100,11.13,32.983
11,324,059.0 107.0,19-4903CR-HY-064-0612-05901070-0123A-3,123,10.63,33.04
11,325,059.0 107.0,19-4903CR-HY-064-0612-05901070-0125A-7,125,10.56,33.058
11,326,059.0 107.0,19-4903CR-HY-064-0612-05901070-0150A-7,150,9.73,33.302
11,327,059.0 107.0,19-4903CR-HY-064-0612-05901070-0167A-3,167,9.17,33.49
11,328,059.0 107.0,19-4903CR-HY-064-0612-05901070-0200A-7,200,8.66,33.706
11,329,059.0 107.0,19-4903CR-HY-064-0612-05901070-0247A-3,247,8.28,33.89
11,330,059.0 107.0,19-4903CR-HY-064-0612-05901070-0250A-7,250,8.25,33.898
11,331,059.0 107.0,19-4903CR-HY-064-0612-05901070-0300A-7,300,7.78,33.994
11,332,059.0 107.0,19-4903CR-HY-064-0612-05901070-0327A-3,327,7.55,34.02
11,333,059.0 107.0,19-4903CR-HY-064-0612-05901070-0400A-7,400,6.93,34.089
11,334,059.0 107.0,19-4903CR-HY-064-0612-05901070-0481A-3,481,6.3,34.13
11,335,059.0 107.0,19-4903CR-HY-064-0612-05901070-0500A-7,500,6.16,34.131
11,336,059.0 107.0,19-4903CR-HY-064-0612-05901070-0600A-7,600,5.48,34.13
11,337,059.0 107.0,19-4903CR-HY-064-0612-05901070-0700A-7,700,4.9,34.131
11,338,059.0 107.0,19-4903CR-HY-064-0612-05901070-0720A-3,720,4.8,34.13
11,339,059.0 107.0,19-4903CR-HY-064-0612-05901070-0800A-7,800,4.55,34.187
11,340,059.0 107.0,19-4903CR-HY-064-0612-05901070-0900A-7,900,4.24,34.258
11,341,059.0 107.0,19-4903CR-HY-064-0612-05901070-1000A-7,1000,3.93,34.332
11,342,059.0 107.0,19-4903CR-HY-064-0612-05901070-1100A-7,1100,3.63,34.406
11,343,059.0 107.0,19-4903CR-HY-064-0612-05901070-1118A-3,1118,3.57,34.42
12,344,060.0 097.0,19-4903CR-HY-064-1148-06000970-0000B-3,0,11.4,32.95
12,345,060.0 097.0,19-4903CR-HY-064-1148-06000970-0009A-3,9,11.38,32.9
12,346,060.0 097.0,19-4903CR-HY-064-1148-06000970-0010A-7,10,11.38,32.896
12,347,060.0 097.0,19-4903CR-HY-064-1148-06000970-0020A-7,20,11.39,32.864
12,348,060.0 097.0,19-4903CR-HY-064-1148-06000970-0022A-3,22,11.39,32.86
12,349,060.0 097.0,19-4903CR-HY-064-1148-06000970-0030A-7,30,11.39,32.86
12,350,060.0 097.0,19-4903CR-HY-064-1148-06000970-0045A-3,45,11.4,32.86
12,351,060.0 097.0,19-4903CR-HY-064-1148-06000970-0050A-7,50,11.35,32.846
12,352,060.0 097.0,19-4903CR-HY-064-1148-06000970-0067A-3,67,11.23,32.81
12,353,060.0 097.0,19-4903CR-HY-064-1148-06000970-0075A-7,75,11.35,32.866
12,354,060.0 097.0,19-4903CR-HY-064-1148-06000970-0090A-3,90,11.49,33.01
12,355,060.0 097.0,19-4903CR-HY-064-1148-06000970-0100A-7,100,11.07,33.087
12,356,060.0 097.0,19-4903CR-HY-064-1148-06000970-0125A-7,125,9.79,33.286
12,357,060.0 097.0,19-4903CR-HY-064-1148-06000970-0135A-3,135,9.19,33.37
12,358,060.0 097.0,19-4903CR-HY-064-1148-06000970-0150A-7,150,8.87,33.495
12,359,060.0 097.0,19-4903CR-HY-064-1148-06000970-0176A-3,176,8.56,33.69
12,360,060.0 097.0,19-4903CR-HY-064-1148-06000970-0200A-7,200,8.24,33.788
12,361,060.0 097.0,19-4903CR-HY-064-1148-06000970-0250A-7,250,7.61,33.936
12,362,060.0 097.0,19-4903CR-HY-064-1148-06000970-0257A-3,257,7.53,33.57
12,363,060.0 097.0,19-4903CR-HY-064-1148-06000970-0300A-7,300,6.93,34.005
12,364,060.0 097.0,19-4903CR-HY-064-1148-06000970-0345A-3,345,6.34,34
12,365,060.0 097.0,19-4903CR-HY-064-1148-06000970-0400A-7,400,5.87,34.05
12,366,060.0 097.0,19-4903CR-HY-064-1148-06000970-0500A-7,500,5.28,34.105
12,367,060.0 097.0,19-4903CR-HY-064-1148-06000970-0519A-3,519,5.2,34.11
12,368,060.0 097.0,19-4903CR-HY-064-1148-06000970-0600A-7,600,4.8,34.144
12,369,060.0 097.0,19-4903CR-HY-064-1148-06000970-0700A-7,700,4.39,34.179
12,370,060.0 097.0,19-4903CR-HY-064-1148-06000970-0776A-3,776,4.13,34.2
12,371,060.0 097.0,19-4903CR-HY-064-1148-06000970-0800A-7,800,4.07,34.207
12,372,060.0 097.0,19-4903CR-HY-064-1148-06000970-0900A-7,900,3.85,34.238
12,373,060.0 097.0,19-4903CR-HY-064-1148-06000970-1000A-7,1000,3.62,34.269
12,374,060.0 097.0,19-4903CR-HY-064-1148-06000970-1100A-7,1100,3.39,34.301
12,375,060.0 097.0,19-4903CR-HY-064-1148-06000970-1190A-3,1190,3.18,34.33
13,376,061.0 087.0,19-4903CR-HY-064-1800-06100870-0000B-3,0,11.5,32.84
13,377,061.0 087.0,19-4903CR-HY-064-1800-06100870-0009A-3,9,11.48,32.78
13,378,061.0 087.0,19-4903CR-HY-064-1800-06100870-0010A-7,10,11.48,32.781
13,379,061.0 087.0,19-4903CR-HY-064-1800-06100870-0020A-7,20,11.47,32.798
13,380,061.0 087.0,19-4903CR-HY-064-1800-06100870-0024A-3,24,11.47,32.81
13,381,061.0 087.0,19-4903CR-HY-064-1800-06100870-0030A-7,30,11.47,32.782
13,382,061.0 087.0,19-4903CR-HY-064-1800-06100870-0047A-3,47,11.48,32.7
13,383,061.0 087.0,19-4903CR-HY-064-1800-06100870-0050A-7,50,11.48,32.709
13,384,061.0 087.0,19-4903CR-HY-064-1800-06100870-0071A-3,71,11.45,32.77
13,385,061.0 087.0,19-4903CR-HY-064-1800-06100870-0075A-7,75,11.4,32.793
13,386,061.0 087.0,19-4903CR-HY-064-1800-06100870-0094A-3,94,10.97,32.92
13,387,061.0 087.0,19-4903CR-HY-064-1800-06100870-0100A-7,100,10.71,32.95
13,388,061.0 087.0,19-4903CR-HY-064-1800-06100870-0125A-7,125,9.6,33.104
13,389,061.0 087.0,19-4903CR-HY-064-1800-06100870-0140A-3,140,8.9,33.22
13,390,061.0 087.0,19-4903CR-HY-064-1800-06100870-0150A-7,150,8.62,33.342
13,391,061.0 087.0,19-4903CR-HY-064-1800-06100870-0180A-3,180,7.98,33.69
13,392,061.0 087.0,19-4903CR-HY-064-1800-06100870-0200A-7,200,7.69,33.686
13,393,061.0 087.0,19-4903CR-HY-064-1800-06100870-0250A-7,250,7.11,33.706
13,394,061.0 087.0,19-4903CR-HY-064-1800-06100870-0274A-3,274,6.9,33.73
13,395,061.0 087.0,19-4903CR-HY-064-1800-06100870-0300A-7,300,6.55,33.73
13,396,061.0 087.0,19-4903CR-HY-064-1800-06100870-0371A-3,371,5.68,33.73
13,397,061.0 087.0,19-4903CR-HY-064-1800-06100870-0400A-7,400,5.51,33.786
13,398,061.0 087.0,19-4903CR-HY-064-1800-06100870-0500A-7,500,5.11,34.006
13,399,061.0 087.0,19-4903CR-HY-064-1800-06100870-0550A-3,550,5.04,34.13
13,400,061.0 087.0,19-4903CR-HY-064-1800-06100870-0600A-7,600,4.85,34.187
13,401,061.0 087.0,19-4903CR-HY-064-1800-06100870-0700A-7,700,4.49,34.269
13,402,061.0 087.0,19-4903CR-HY-064-1800-06100870-0800A-7,800,4.14,34.308
13,403,061.0 087.0,19-4903CR-HY-064-1800-06100870-0818A-3,818,4.08,34.31
13,404,061.0 087.0,19-4903CR-HY-064-1800-06100870-0900A-7,900,3.89,34.315
13,405,061.0 087.0,19-4903CR-HY-064-1800-06100870-1000A-7,1000,3.65,34.321
13,406,061.0 087.0,19-4903CR-HY-064-1800-06100870-1100A-7,1100,3.42,34.328
13,407,061.0 087.0,19-4903CR-HY-064-1800-06100870-1200A-7,1200,3.18,34.337
13,408,061.0 087.0,19-4903CR-HY-064-1800-06100870-1238A-3,1238,3.09,34.34
14,409,061.0 078.0,19-4903CR-HY-064-2330-06100780-0000B-3,0,11.3,32.79
14,410,061.0 078.0,19-4903CR-HY-064-2330-06100780-0010A-3,10,11.25,32.81
14,411,061.0 078.0,19-4903CR-HY-064-2330-06100780-0020A-7,20,11.18,32.803
14,412,061.0 078.0,19-4903CR-HY-064-2330-06100780-0025A-3,25,11.1,32.79
14,413,061.0 078.0,19-4903CR-HY-064-2330-06100780-0030A-7,30,10.88,32.843
14,414,061.0 078.0,19-4903CR-HY-064-2330-06100780-0050A-3,50,9.88,33.08
14,415,061.0 078.0,19-4903CR-HY-064-2330-06100780-0074A-3,74,9.4,33.08
14,416,061.0 078.0,19-4903CR-HY-064-2330-06100780-0075A-7,75,9.39,33.093
14,417,061.0 078.0,19-4903CR-HY-064-2330-06100780-0099A-3,99,9.1,33.48
14,418,061.0 078.0,19-4903CR-HY-064-2330-06100780-0100A-7,100,9.08,33.492
14,419,061.0 078.0,19-4903CR-HY-064-2330-06100780-0125A-7,125,8.67,33.724
14,420,061.0 078.0,19-4903CR-HY-064-2330-06100780-0149A-3,149,8.26,33.84
14,421,061.0 078.0,19-4903CR-HY-064-2330-06100780-0150A-7,150,8.25,33.842
14,422,061.0 078.0,19-4903CR-HY-064-2330-06100780-0200A-7,200,7.57,33.859
14,423,061.0 078.0,19-4903CR-HY-064-2330-06100780-0203A-3,203,7.53,33.86
14,424,061.0 078.0,19-4903CR-HY-064-2330-06100780-0250A-7,250,6.95,33.92
14,425,061.0 078.0,19-4903CR-HY-064-2330-06100780-0300A-3,300,6.42,33.98
14,426,061.0 078.0,19-4903CR-HY-064-2330-06100780-0400A-7,400,5.71,33.952
14,427,061.0 078.0,19-4903CR-HY-064-2330-06100780-0405A-3,405,5.68,33.95
14,428,061.0 078.0,19-4903CR-HY-064-2330-06100780-0500A-7,500,5.22,34.069
14,429,061.0 078.0,19-4903CR-HY-064-2330-06100780-0600A-7,600,4.85,34.225
14,430,061.0 078.0,19-4903CR-HY-064-2330-06100780-0603A-3,603,4.84,34.23
14,431,061.0 078.0,19-4903CR-HY-064-2330-06100780-0700A-7,700,4.52,34.28
14,432,061.0 078.0,19-4903CR-HY-064-2330-06100780-0800A-7,800,4.23,34.307
14,433,061.0 078.0,19-4903CR-HY-064-2330-06100780-0886A-3,886,4.01,34.31
14,434,061.0 078.0,19-4903CR-HY-064-2330-06100780-0900A-7,900,3.98,34.313
14,435,061.0 078.0,19-4903CR-HY-064-2330-06100780-1000A-7,1000,3.76,34.332
14,436,061.0 078.0,19-4903CR-HY-064-2330-06100780-1100A-7,1100,3.54,34.352
14,437,061.0 078.0,19-4903CR-HY-064-2330-06100780-1200A-7,1200,3.32,34.372
14,438,061.0 078.0,19-4903CR-HY-064-2330-06100780-1300A-7,1300,3.1,34.394
14,439,061.0 078.0,19-4903CR-HY-064-2330-06100780-1327A-3,1327,3.04,34.4
15,440,062.0 068.0,19-4903CR-HY-065-0518-06200680-0000B-3,0,10.9,33.01
15,441,062.0 068.0,19-4903CR-HY-065-0518-06200680-0010A-3,10,10.77,32.92
15,442,062.0 068.0,19-4903CR-HY-065-0518-06200680-0020A-7,20,10.61,33.033
15,443,062.0 068.0,19-4903CR-HY-065-0518-06200680-0024A-3,24,10.53,33.1
15,444,062.0 068.0,19-4903CR-HY-065-0518-06200680-0030A-7,30,10.35,33.141
15,445,062.0 068.0,19-4903CR-HY-065-0518-06200680-0049A-3,49,9.77,33.85
15,446,062.0 068.0,19-4903CR-HY-065-0518-06200680-0050A-7,50,9.75,33.243
15,447,062.0 068.0,19-4903CR-HY-065-0518-06200680-0073A-3,73,9.38,33.3
15,448,062.0 068.0,19-4903CR-HY-065-0518-06200680-0075A-7,75,9.33,33.309
15,449,062.0 068.0,19-4903CR-HY-065-0518-06200680-0097A-3,97,8.82,33.42
15,450,062.0 068.0,19-4903CR-HY-065-0518-06200680-0100A-7,100,8.77,33.444
15,451,062.0 068.0,19-4903CR-HY-065-0518-06200680-0125A-7,125,8.43,33.636
15,452,062.0 068.0,19-4903CR-HY-065-0518-06200680-0145A-3,145,8.2,33.78
15,453,062.0 068.0,19-4903CR-HY-065-0518-06200680-0150A-7,150,8.12,33.799
15,454,062.0 068.0,19-4903CR-HY-065-0518-06200680-0192A-3,192,7.47,33.89
15,455,062.0 068.0,19-4903CR-HY-065-0518-06200680-0200A-7,200,7.37,33.897
15,456,062.0 068.0,19-4903CR-HY-065-0518-06200680-0250A-7,250,6.87,33.925
15,457,062.0 068.0,19-4903CR-HY-065-0518-06200680-0287A-3,287,6.62,33.93
15,458,062.0 068.0,19-4903CR-HY-065-0518-06200680-0300A-7,300,6.56,33.944
15,459,062.0 068.0,19-4903CR-HY-065-0518-06200680-0386A-3,386,6.23,34.05
15,460,062.0 068.0,19-4903CR-HY-065-0518-06200680-0400A-7,400,6.15,34.066
15,461,062.0 068.0,19-4903CR-HY-065-0518-06200680-0500A-7,500,5.57,34.163
15,462,062.0 068.0,19-4903CR-HY-065-0518-06200680-0578A-3,578,5.11,34.22
15,463,062.0 068.0,19-4903CR-HY-065-0518-06200680-0600A-7,600,5.01,34.224
15,464,062.0 068.0,19-4903CR-HY-065-0518-06200680-0700A-7,700,4.61,34.235
15,465,062.0 068.0,19-4903CR-HY-065-0518-06200680-0800A-7,800,4.27,34.229
15,466,062.0 068.0,19-4903CR-HY-065-0518-06200680-0846A-3,846,4.14,34.22
15,467,062.0 068.0,19-4903CR-HY-065-0518-06200680-0900A-7,900,4.01,34.23
15,468,062.0 068.0,19-4903CR-HY-065-0518-06200680-1000A-7,1000,3.76,34.25
15,469,062.0 068.0,19-4903CR-HY-065-0518-06200680-1100A-7,1100,3.51,34.271
15,470,062.0 068.0,19-4903CR-HY-065-0518-06200680-1200A-7,1200,3.27,34.292
15,471,062.0 068.0,19-4903CR-HY-065-0518-06200680-1279A-3,1279,3.07,34.31
16,472,063.3 058.0,19-4903CR-HY-065-1030-06330580-0000B-3,0,11,33.28
16,473,063.3 058.0,19-4903CR-HY-065-1030-06330580-0010A-3,10,10.89,33.3
16,474,063.3 058.0,19-4903CR-HY-065-1030-06330580-0020A-7,20,10.83,33.319
16,475,063.3 058.0,19-4903CR-HY-065-1030-06330580-0025A-3,25,10.81,35.12
16,476,063.3 058.0,19-4903CR-HY-065-1030-06330580-0030A-7,30,10.8,33.345
16,477,063.3 058.0,19-4903CR-HY-065-1030-06330580-0050A-7,50,10.61,33.416
16,478,063.3 058.0,19-4903CR-HY-065-1030-06330580-0051A-3,51,10.6,33.42
16,479,063.3 058.0,19-4903CR-HY-065-1030-06330580-0075A-7,75,9.89,33.567
16,480,063.3 058.0,19-4903CR-HY-065-1030-06330580-0077A-3,77,9.82,33.58
16,481,063.3 058.0,19-4903CR-HY-065-1030-06330580-0100A-7,100,9.27,33.671
16,482,063.3 058.0,19-4903CR-HY-065-1030-06330580-0103A-3,103,9.21,33.68
16,483,063.3 058.0,19-4903CR-HY-065-1030-06330580-0125A-7,125,8.88,33.732
16,484,063.3 058.0,19-4903CR-HY-065-1030-06330580-0150A-7,150,8.61,33.789
16,485,063.3 058.0,19-4903CR-HY-065-1030-06330580-0155A-3,155,8.57,33.8
16,486,063.3 058.0,19-4903CR-HY-065-1030-06330580-0200A-7,200,8.19,33.985
16,487,063.3 058.0,19-4903CR-HY-065-1030-06330580-0204A-3,204,8.16,34
16,488,063.3 058.0,19-4903CR-HY-065-1030-06330580-0250A-7,250,7.66,34
16,489,063.3 058.0,19-4903CR-HY-065-1030-06330580-0300A-7,300,7.17,34
16,490,063.3 058.0,19-4903CR-HY-065-1030-06330580-0304A-3,304,7.13,34
16,491,063.3 058.0,19-4903CR-HY-065-1030-06330580-0400A-7,400,6.72,34.1
16,492,063.3 058.0,19-4903CR-HY-065-1030-06330580-0408A-3,408,6.7,34.11
16,493,063.3 058.0,19-4903CR-HY-065-1030-06330580-0500A-7,500,6.11,34.169
16,494,063.3 058.0,19-4903CR-HY-065-1030-06330580-0600A-7,600,5.43,34.217
16,495,063.3 058.0,19-4903CR-HY-065-1030-06330580-0607A-3,607,5.38,34.22
16,496,063.3 058.0,19-4903CR-HY-065-1030-06330580-0700A-7,700,4.9,34.269
16,497,063.3 058.0,19-4903CR-HY-065-1030-06330580-0792A-3,792,4.5,34.31
16,498,063.3 058.0,19-4903CR-HY-065-1030-06330580-0800A-7,800,4.48,34.311
16,499,063.3 058.0,19-4903CR-HY-065-1030-06330580-0900A-7,900,4.21,34.319
16,500,063.3 058.0,19-4903CR-HY-065-1030-06330580-1000A-7,1000,3.95,34.329
16,501,063.3 058.0,19-4903CR-HY-065-1030-06330580-1100A-7,1100,3.69,34.339
16,502,063.3 058.0,19-4903CR-HY-065-1030-06330580-1106A-3,1106,3.67,34.34
17,503,072.0 056.0,19-4903CR-HY-066-0000-07200560-0000B-3,0,12,33.31
17,504,072.0 056.0,19-4903CR-HY-066-0000-07200560-0010A-3,10,11.88,33.26
17,505,072.0 056.0,19-4903CR-HY-066-0000-07200560-0020A-7,20,11.74,33.265
17,506,072.0 056.0,19-4903CR-HY-066-0000-07200560-0025A-3,25,11.66,33.28
17,507,072.0 056.0,19-4903CR-HY-066-0000-07200560-0030A-7,30,11.55,33.296
17,508,072.0 056.0,19-4903CR-HY-066-0000-07200560-0050A-3,50,11.12,33.39
17,509,072.0 056.0,19-4903CR-HY-066-0000-07200560-0075A-3,75,10.8,33.55
17,510,072.0 056.0,19-4903CR-HY-066-0000-07200560-0100A-3,100,10.43,33.51
17,511,072.0 056.0,19-4903CR-HY-066-0000-07200560-0125A-7,125,9.88,33.793
17,512,072.0 056.0,19-4903CR-HY-066-0000-07200560-0150A-3,150,9.29,33.87
17,513,072.0 056.0,19-4903CR-HY-066-0000-07200560-0200A-3,200,8.42,33.91
17,514,072.0 056.0,19-4903CR-HY-066-0000-07200560-0250A-7,250,7.84,33.957
17,515,072.0 056.0,19-4903CR-HY-066-0000-07200560-0300A-3,300,7.5,34.09
17,516,072.0 056.0,19-4903CR-HY-066-0000-07200560-0400A-3,400,6.59,34.09
17,517,072.0 056.0,19-4903CR-HY-066-0000-07200560-0500A-3,500,6.18,34.16
17,518,072.0 056.0,19-4903CR-HY-066-0000-07200560-0600A-7,600,5.62,34.191
17,519,072.0 056.0,19-4903CR-HY-066-0000-07200560-0641A-3,641,5.42,34.14
17,520,072.0 056.0,19-4903CR-HY-066-0000-07200560-0700A-7,700,5.2,34.225
17,521,072.0 056.0,19-4903CR-HY-066-0000-07200560-0800A-7,800,4.82,34.261
17,522,072.0 056.0,19-4903CR-HY-066-0000-07200560-0873A-3,873,4.55,34.29
18,523,071.0 066.0,19-4903CR-HY-066-0524-07100660-0000B-3,0,11.8,32.92
18,524,071.0 066.0,19-4903CR-HY-066-0524-07100660-0010A-3,10,6.98,32.84
18,525,071.0 066.0,19-4903CR-HY-066-0524-07100660-0020A-7,20,11.51,32.937
18,526,071.0 066.0,19-4903CR-HY-066-0524-07100660-0024A-3,24,11.46,32.94
18,527,071.0 066.0,19-4903CR-HY-066-0524-07100660-0030A-7,30,11.36,32.929
18,528,071.0 066.0,19-4903CR-HY-066-0524-07100660-0048A-3,48,11.06,31.957
18,529,071.0 066.0,19-4903CR-HY-066-0524-07100660-0050A-7,50,11.03,32.917
18,530,071.0 066.0,19-4903CR-HY-066-0524-07100660-0071A-3,71,10.64,32.95
18,531,071.0 066.0,19-4903CR-HY-066-0524-07100660-0075A-7,75,10.53,32.977
18,532,071.0 066.0,19-4903CR-HY-066-0524-07100660-0095A-3,95,9.92,33.15
18,533,071.0 066.0,19-4903CR-HY-066-0524-07100660-0100A-7,100,9.75,33.206
18,534,071.0 066.0,19-4903CR-HY-066-0524-07100660-0125A-7,125,9,33.477
18,535,071.0 066.0,19-4903CR-HY-066-0524-07100660-0143A-3,143,8.56,33.66
18,536,071.0 066.0,19-4903CR-HY-066-0524-07100660-0150A-7,150,8.49,33.702
18,537,071.0 066.0,19-4903CR-HY-066-0524-07100660-0190A-3,190,8.31,33.86
18,538,071.0 066.0,19-4903CR-HY-066-0524-07100660-0200A-7,200,8.23,33.891
18,539,071.0 066.0,19-4903CR-HY-066-0524-07100660-0250A-7,250,7.8,34.009
18,540,071.0 066.0,19-4903CR-HY-066-0524-07100660-0283A-3,283,7.46,34.05
18,541,071.0 066.0,19-4903CR-HY-066-0524-07100660-0300A-7,300,7.27,34.05
18,542,071.0 066.0,19-4903CR-HY-066-0524-07100660-0381A-3,381,6.44,34.05
18,543,071.0 066.0,19-4903CR-HY-066-0524-07100660-0400A-7,400,6.32,34.061
18,544,071.0 066.0,19-4903CR-HY-066-0524-07100660-0500A-7,500,5.8,34.127
18,545,071.0 066.0,19-4903CR-HY-066-0524-07100660-0567A-3,567,5.56,34.18
18,546,071.0 066.0,19-4903CR-HY-066-0524-07100660-0600A-7,600,5.38,34.199
18,547,071.0 066.0,19-4903CR-HY-066-0524-07100660-0700A-7,700,4.87,34.251
18,548,071.0 066.0,19-4903CR-HY-066-0524-07100660-0800A-7,800,4.39,34.295
18,549,071.0 066.0,19-4903CR-HY-066-0524-07100660-0840A-3,840,4.21,34.31
18,550,071.0 066.0,19-4903CR-HY-066-0524-07100660-0900A-7,900,4.06,34.323
18,551,071.0 066.0,19-4903CR-HY-066-0524-07100660-1000A-7,1000,3.82,34.345
18,552,071.0 066.0,19-4903CR-HY-066-0524-07100660-1100A-7,1100,3.58,34.368
18,553,071.0 066.0,19-4903CR-HY-066-0524-07100660-1152A-3,1152,3.45,34.38
19,554,071.0 076.0,19-4903CR-HY-067-0518-07100760-0000B-3,0,12.5,32.95
19,555,071.0 076.0,19-4903CR-HY-067-0518-07100760-0010A-7,10,12.5,33.027
19,556,071.0 076.0,19-4903CR-HY-067-0518-07100760-0017A-3,17,12.44,33.08
19,557,071.0 076.0,19-4903CR-HY-067-0518-07100760-0020A-7,20,12.43,33.072
19,558,071.0 076.0,19-4903CR-HY-067-0518-07100760-0028A-3,28,12.3,33.04
19,559,071.0 076.0,19-4903CR-HY-067-0518-07100760-0030A-7,30,12.19,33.029
19,560,071.0 076.0,19-4903CR-HY-067-0518-07100760-0042A-3,42,11.45,32
19,561,071.0 076.0,19-4903CR-HY-067-0518-07100760-0050A-7,50,11.12,32.972
19,562,071.0 076.0,19-4903CR-HY-067-0518-07100760-0065A-3,65,10.72,32.99
19,563,071.0 076.0,19-4903CR-HY-067-0518-07100760-0075A-7,75,10.65,33.068
19,564,071.0 076.0,19-4903CR-HY-067-0518-07100760-0091A-3,91,10.53,33.22
19,565,071.0 076.0,19-4903CR-HY-067-0518-07100760-0100A-7,100,10.52,33.29
19,566,071.0 076.0,19-4903CR-HY-067-0518-07100760-0115A-3,115,10.5,33.12
19,567,071.0 076.0,19-4903CR-HY-067-0518-07100760-0125A-7,125,10.29,33.47
19,568,071.0 076.0,19-4903CR-HY-067-0518-07100760-0150A-7,150,9.7,33.626
19,569,071.0 076.0,19-4903CR-HY-067-0518-07100760-0200A-7,200,8.25,33.874
19,570,071.0 076.0,19-4903CR-HY-067-0518-07100760-0204A-3,204,8.12,33.89
19,571,071.0 076.0,19-4903CR-HY-067-0518-07100760-0250A-7,250,7.5,33.878
19,572,071.0 076.0,19-4903CR-HY-067-0518-07100760-0296A-3,296,7.08,33.17
19,573,071.0 076.0,19-4903CR-HY-067-0518-07100760-0300A-7,300,7.04,33.891
19,574,071.0 076.0,19-4903CR-HY-067-0518-07100760-0393A-3,393,6.18,33.98
19,575,071.0 076.0,19-4903CR-HY-067-0518-07100760-0400A-7,400,6.13,33.982
19,576,071.0 076.0,19-4903CR-HY-067-0518-07100760-0500A-7,500,5.5,34.004
19,577,071.0 076.0,19-4903CR-HY-067-0518-07100760-0575A-3,575,5.14,34.02
19,578,071.0 076.0,19-4903CR-HY-067-0518-07100760-0600A-7,600,5.03,34.033
19,579,071.0 076.0,19-4903CR-HY-067-0518-07100760-0700A-7,700,4.65,34.085
19,580,071.0 076.0,19-4903CR-HY-067-0518-07100760-0800A-7,800,4.33,34.138
19,581,071.0 076.0,19-4903CR-HY-067-0518-07100760-0840A-3,840,4.22,34.16
19,582,071.0 076.0,19-4903CR-HY-067-0518-07100760-0900A-7,900,4.07,32.945
19,583,071.0 076.0,19-4903CR-HY-067-0518-07100760-1000A-7,1000,3.82,31.756
19,584,071.0 076.0,19-4903CR-HY-067-0518-07100760-1100A-7,1100,3.57,34
19,585,071.0 076.0,19-4903CR-HY-067-0518-07100760-1149A-3,1149,3.45,34.07
20,586,081.0 117.0,19-4903HO-HY-073-0073-08101170-0000B-3,0,13.7,33.35
20,587,081.0 117.0,19-4903HO-HY-073-0073-08101170-0009A-3,9,13.67,33.22
20,588,081.0 117.0,19-4903HO-HY-073-0073-08101170-0010A-7,10,13.67,33.222
20,589,081.0 117.0,19-4903HO-HY-073-0073-08101170-0020A-7,20,13.67,33.238
20,590,081.0 117.0,19-4903HO-HY-073-0073-08101170-0021A-3,21,13.67,33.24
20,591,081.0 117.0,19-4903HO-HY-073-0073-08101170-0030A-7,30,13.6,33.206
20,592,081.0 117.0,19-4903HO-HY-073-0073-08101170-0041A-3,41,13.51,33.17
20,593,081.0 117.0,19-4903HO-HY-073-0073-08101170-0050A-7,50,13.48,33.217
20,594,081.0 117.0,19-4903HO-HY-073-0073-08101170-0060A-3,60,13.47,33.26
20,595,081.0 117.0,19-4903HO-HY-073-0073-08101170-0075A-7,75,13.43,33.159
20,596,081.0 117.0,19-4903HO-HY-073-0073-08101170-0079A-3,79,13.42,33.13
20,597,081.0 117.0,19-4903HO-HY-073-0073-08101170-0100A-7,100,13.5,33.247
20,598,081.0 117.0,19-4903HO-HY-073-0073-08101170-0118A-3,118,13.56,33.42
20,599,081.0 117.0,19-4903HO-HY-073-0073-08101170-0125A-7,125,13.27,33.379
20,600,081.0 117.0,19-4903HO-HY-073-0073-08101170-0150A-7,150,12.03,33.209
20,601,081.0 117.0,19-4903HO-HY-073-0073-08101170-0158A-3,158,11.56,33.15
20,602,081.0 117.0,19-4903HO-HY-073-0073-08101170-0200A-7,200,9.83,33.323
20,603,081.0 117.0,19-4903HO-HY-073-0073-08101170-0234A-3,234,8.79,33.6
20,604,081.0 117.0,19-4903HO-HY-073-0073-08101170-0250A-7,250,8.53,33.699
20,605,081.0 117.0,19-4903HO-HY-073-0073-08101170-0300A-7,300,8,33.958
20,606,081.0 117.0,19-4903HO-HY-073-0073-08101170-0310A-3,310,7.95,34
20,607,081.0 117.0,19-4903HO-HY-073-0073-08101170-0400A-7,400,6.99,33.959
20,608,081.0 117.0,19-4903HO-HY-073-0073-08101170-0491A-3,491,6.13,33.95
20,609,081.0 117.0,19-4903HO-HY-073-0073-08101170-0500A-7,500,6.08,33.959
20,610,081.0 117.0,19-4903HO-HY-073-0073-08101170-0600A-7,600,5.52,34.057
20,611,081.0 117.0,19-4903HO-HY-073-0073-08101170-0700A-7,700,4.95,34.16
20,612,081.0 117.0,19-4903HO-HY-073-0073-08101170-0766A-3,766,4.58,34.23
21,613,081.0 127.0,19-4903HO-HY-073-0636-08101270-0000B-3,0,14,33.22
21,614,081.0 127.0,19-4903HO-HY-073-0636-08101270-0009A-3,9,13.97,33.15
21,615,081.0 127.0,19-4903HO-HY-073-0636-08101270-0010A-7,10,13.94,33.15
21,616,081.0 127.0,19-4903HO-HY-073-0636-08101270-0020A-7,20,13.6,33.15
21,617,081.0 127.0,19-4903HO-HY-073-0636-08101270-0022A-3,22,13.52,33.15
21,618,081.0 127.0,19-4903HO-HY-073-0636-08101270-0030A-7,30,13.44,33.234
21,619,081.0 127.0,19-4903HO-HY-073-0636-08101270-0041A-3,41,13.32,33.3
21,620,081.0 127.0,19-4903HO-HY-073-0636-08101270-0050A-7,50,13.35,33.235
21,621,081.0 127.0,19-4903HO-HY-073-0636-08101270-0057A-3,57,13.38,33.19
21,622,081.0 127.0,19-4903HO-HY-073-0636-08101270-0074A-3,74,13.34,33.37
21,623,081.0 127.0,19-4903HO-HY-073-0636-08101270-0075A-7,75,13.33,33.369
21,624,081.0 127.0,19-4903HO-HY-073-0636-08101270-0100A-7,100,13.17,33.34
21,625,081.0 127.0,19-4903HO-HY-073-0636-08101270-0113A-3,113,13.08,33.19
21,626,081.0 127.0,19-4903HO-HY-073-0636-08101270-0125A-7,125,12.29,33.285
21,627,081.0 127.0,19-4903HO-HY-073-0636-08101270-0150A-7,150,10.54,33.208
21,628,081.0 127.0,19-4903HO-HY-073-0636-08101270-0155A-3,155,10.17,33.19
21,629,081.0 127.0,19-4903HO-HY-073-0636-08101270-0200A-7,200,9.96,33.614
21,630,081.0 127.0,19-4903HO-HY-073-0636-08101270-0238A-3,238,9.79,34
21,631,081.0 127.0,19-4903HO-HY-073-0636-08101270-0250A-7,250,9.56,34.041
21,632,081.0 127.0,19-4903HO-HY-073-0636-08101270-0300A-7,300,8.52,34.135
21,633,081.0 127.0,19-4903HO-HY-073-0636-08101270-0322A-3,322,8.01,34.14
21,634,081.0 127.0,19-4903HO-HY-073-0636-08101270-0400A-7,400,7.06,34.213
21,635,081.0 127.0,19-4903HO-HY-073-0636-08101270-0500A-7,500,6.28,34.239
21,636,081.0 127.0,19-4903HO-HY-073-0636-08101270-0519A-3,519,6.19,34.25
21,637,081.0 127.0,19-4903HO-HY-073-0636-08101270-0600A-7,600,5.59,34.237
21,638,081.0 127.0,19-4903HO-HY-073-0636-08101270-0700A-7,700,4.96,34.225
21,639,081.0 127.0,19-4903HO-HY-073-0636-08101270-0793A-3,793,4.47,34.22
21,640,081.0 127.0,19-4903HO-HY-073-0636-08101270-0800A-7,800,4.45,34.22
21,641,081.0 127.0,19-4903HO-HY-073-0636-08101270-0900A-7,900,4.2,34.22
21,642,081.0 127.0,19-4903HO-HY-073-0636-08101270-1000A-7,1000,3.95,34.22
21,643,081.0 127.0,19-4903HO-HY-073-0636-08101270-1100A-7,1100,3.7,34.22
21,644,081.0 127.0,19-4903HO-HY-073-0636-08101270-1200A-7,1200,3.45,34.22
21,645,081.0 127.0,19-4903HO-HY-073-0636-08101270-1234A-3,1234,3.36,34.22
22,646,081.0 107.0,19-4903HO-HY-073-2030-08101070-0000B-3,0,13.9,33.17
22,647,081.0 107.0,19-4903HO-HY-073-2030-08101070-0010A-3,10,13.13,33.15
22,648,081.0 107.0,19-4903HO-HY-073-2030-08101070-0020A-7,20,12.84,33.137
22,649,081.0 107.0,19-4903HO-HY-073-2030-08101070-0025A-3,25,12.8,33.13
22,650,081.0 107.0,19-4903HO-HY-073-2030-08101070-0030A-7,30,12.8,33.13
22,651,081.0 107.0,19-4903HO-HY-073-2030-08101070-0049A-3,49,12.7,33.13
22,652,081.0 107.0,19-4903HO-HY-073-2030-08101070-0050A-7,50,12.66,33.127
22,653,081.0 107.0,19-4903HO-HY-073-2030-08101070-0074A-3,74,11.62,33.06
22,654,081.0 107.0,19-4903HO-HY-073-2030-08101070-0075A-7,75,11.59,33.061
22,655,081.0 107.0,19-4903HO-HY-073-2030-08101070-0099A-3,99,10.89,33.12
22,656,081.0 107.0,19-4903HO-HY-073-2030-08101070-0100A-7,100,10.85,33.124
22,657,081.0 107.0,19-4903HO-HY-073-2030-08101070-0125A-7,125,9.96,33.249
22,658,081.0 107.0,19-4903HO-HY-073-2030-08101070-0148A-3,148,9.2,33.4
22,659,081.0 107.0,19-4903HO-HY-073-2030-08101070-0150A-7,150,9.16,33.415
22,660,081.0 107.0,19-4903HO-HY-073-2030-08101070-0195A-3,195,8.42,33.73
22,661,081.0 107.0,19-4903HO-HY-073-2030-08101070-0200A-7,200,8.34,33.755
22,662,081.0 107.0,19-4903HO-HY-073-2030-08101070-0250A-7,250,7.6,33.943
22,663,081.0 107.0,19-4903HO-HY-073-2030-08101070-0279A-3,279,7.22,34
22,664,081.0 107.0,19-4903HO-HY-073-2030-08101070-0300A-7,300,7.02,33.985
22,665,081.0 107.0,19-4903HO-HY-073-2030-08101070-0400A-7,400,6.27,33.962
22,666,081.0 107.0,19-4903HO-HY-073-2030-08101070-0406A-3,406,6.24,33.96
22,667,081.0 107.0,19-4903HO-HY-073-2030-08101070-0500A-7,500,5.64,34.035
22,668,081.0 107.0,19-4903HO-HY-073-2030-08101070-0600A-7,600,5.08,34.119
22,669,081.0 107.0,19-4903HO-HY-073-2030-08101070-0700A-7,700,4.6,34.207
22,670,081.0 107.0,19-4903HO-HY-073-2030-08101070-0714A-3,714,4.54,34.22
22,671,081.0 107.0,19-4903HO-HY-073-2030-08101070-0800A-7,800,4.23,34.98
22,672,081.0 107.0,19-4903HO-HY-073-2030-08101070-0900A-7,900,3.87,33.93
22,673,081.0 107.0,19-4903HO-HY-073-2030-08101070-1000A-7,1000,3.51,33.93
22,674,081.0 107.0,19-4903HO-HY-073-2030-08101070-1100A-7,1100,3.15,33.93
22,675,081.0 107.0,19-4903HO-HY-073-2030-08101070-1110A-3,1110,3.11,33.93
23,676,081.0 097.0,19-4903HO-HY-074-0224-08100970-0000B-3,0,13.9,33.08
23,677,081.0 097.0,19-4903HO-HY-074-0224-08100970-0008A-3,8,13.73,33.19
23,678,081.0 097.0,19-4903HO-HY-074-0224-08100970-0010A-7,10,13.67,33.19
23,679,081.0 097.0,19-4903HO-HY-074-0224-08100970-0019A-3,19,13.37,33.15
23,680,081.0 097.0,19-4903HO-HY-074-0224-08100970-0020A-7,20,13.36,33.15
23,681,081.0 097.0,19-4903HO-HY-074-0224-08100970-0030A-7,30,13.19,33.142
23,682,081.0 097.0,19-4903HO-HY-074-0224-08100970-0037A-3,37,13,33.13
23,683,081.0 097.0,19-4903HO-HY-074-0224-08100970-0050A-7,50,12.02,33.027
23,684,081.0 097.0,19-4903HO-HY-074-0224-08100970-0054A-3,54,11.69,33.01
23,685,081.0 097.0,19-4903HO-HY-074-0224-08100970-0071A-3,71,10.87,33.21
23,686,081.0 097.0,19-4903HO-HY-074-0224-08100970-0075A-7,75,10.72,33.222
23,687,081.0 097.0,19-4903HO-HY-074-0224-08100970-0100A-7,100,9.9,33.26
23,688,081.0 097.0,19-4903HO-HY-074-0224-08100970-0107A-3,107,9.72,33.26
23,689,081.0 097.0,19-4903HO-HY-074-0224-08100970-0125A-7,125,9.22,33.405
23,690,081.0 097.0,19-4903HO-HY-074-0224-08100970-0143A-3,143,8.78,33.57
23,691,081.0 097.0,19-4903HO-HY-074-0224-08100970-0150A-7,150,8.66,33.616
23,692,081.0 097.0,19-4903HO-HY-074-0224-08100970-0200A-7,200,8.01,33.847
23,693,081.0 097.0,19-4903HO-HY-074-0224-08100970-0205A-3,205,7.96,33.86
23,694,081.0 097.0,19-4903HO-HY-074-0224-08100970-0250A-7,250,7.42,33.925
23,695,081.0 097.0,19-4903HO-HY-074-0224-08100970-0260A-3,260,7.3,33.93
23,696,081.0 097.0,19-4903HO-HY-074-0224-08100970-0300A-7,300,6.76,33.953
23,697,081.0 097.0,19-4903HO-HY-074-0224-08100970-0374A-3,374,5.9,34
23,698,081.0 097.0,19-4903HO-HY-074-0224-08100970-0391A-3,391,5.77,34.02
23,699,081.0 097.0,19-4903HO-HY-074-0224-08100970-0400A-7,400,5.7,33.68
23,700,081.0 097.0,19-4903HO-HY-074-0224-08100970-0500A-7,500,4.92,33.86
23,701,081.0 097.0,19-4903HO-HY-074-0224-08100970-0593A-3,593,4.19,33.86
24,702,082.0 097.0,19-4903HO-HY-074-0306-08200970-0000B-3,0,13.7,33.12
24,703,082.0 097.0,19-4903HO-HY-074-0306-08200970-0009A-3,9,13.26,33.15
24,704,082.0 097.0,19-4903HO-HY-074-0306-08200970-0010A-7,10,13.22,33.15
24,705,082.0 097.0,19-4903HO-HY-074-0306-08200970-0020A-7,20,12.86,33.15
24,706,082.0 097.0,19-4903HO-HY-074-0306-08200970-0023A-3,23,12.76,33.15
24,707,082.0 097.0,19-4903HO-HY-074-0306-08200970-0030A-7,30,12.46,33.179
24,708,082.0 097.0,19-4903HO-HY-074-0306-08200970-0046A-3,46,11.72,33.24
24,709,082.0 097.0,19-4903HO-HY-074-0306-08200970-0050A-7,50,11.54,33.229
24,710,082.0 097.0,19-4903HO-HY-074-0306-08200970-0067A-3,67,10.78,33.19
24,711,082.0 097.0,19-4903HO-HY-074-0306-08200970-0075A-7,75,10.41,33.217
24,712,082.0 097.0,19-4903HO-HY-074-0306-08200970-0089A-3,89,9.83,33.3
24,713,082.0 097.0,19-4903HO-HY-074-0306-08200970-0100A-7,100,9.53,33.394
24,714,082.0 097.0,19-4903HO-HY-074-0306-08200970-0125A-7,125,9.03,33.611
24,715,082.0 097.0,19-4903HO-HY-074-0306-08200970-0134A-3,134,8.92,33.69
24,716,082.0 097.0,19-4903HO-HY-074-0306-08200970-0150A-7,150,8.68,33.783
24,717,082.0 097.0,19-4903HO-HY-074-0306-08200970-0181A-3,181,8.31,33.91
24,718,082.0 097.0,19-4903HO-HY-074-0306-08200970-0200A-7,200,8.13,33.939
24,719,082.0 097.0,19-4903HO-HY-074-0306-08200970-0250A-7,250,7.71,33.939
24,720,082.0 097.0,19-4903HO-HY-074-0306-08200970-0275A-3,275,7.52,33.95
24,721,082.0 097.0,19-4903HO-HY-074-0306-08200970-0300A-7,300,7.25,33.963
24,722,082.0 097.0,19-4903HO-HY-074-0306-08200970-0368A-3,368,6.56,33.8
24,723,082.0 097.0,19-4903HO-HY-074-0306-08200970-0400A-7,400,6.35,34.015
24,724,082.0 097.0,19-4903HO-HY-074-0306-08200970-0500A-7,500,5.85,34.065
24,725,082.0 097.0,19-4903HO-HY-074-0306-08200970-0552A-3,552,5.67,34.09
24,726,082.0 097.0,19-4903HO-HY-074-0306-08200970-0600A-7,600,5.45,34.099
24,727,082.0 097.0,19-4903HO-HY-074-0306-08200970-0700A-7,700,5.03,34.121
24,728,082.0 097.0,19-4903HO-HY-074-0306-08200970-0800A-7,800,4.63,34.147
24,729,082.0 097.0,19-4903HO-HY-074-0306-08200970-0842A-3,842,4.48,34.16
24,730,082.0 097.0,19-4903HO-HY-074-0306-08200970-0900A-7,900,4.31,34.211
24,731,082.0 097.0,19-4903HO-HY-074-0306-08200970-1000A-7,1000,4.03,34.299
24,732,082.0 097.0,19-4903HO-HY-074-0306-08200970-1100A-7,1100,3.74,34.388
24,733,082.0 097.0,19-4903HO-HY-074-0306-08200970-1190A-3,1190,3.48,34.47
25,734,082.0 087.0,19-4903HO-HY-074-0948-08200870-0000B-3,0,13.9,33.13
25,735,082.0 087.0,19-4903HO-HY-074-0948-08200870-0010A-3,10,13.44,33.12
25,736,082.0 087.0,19-4903HO-HY-074-0948-08200870-0020A-7,20,13.2,33.169
25,737,082.0 087.0,19-4903HO-HY-074-0948-08200870-0024A-3,24,13.13,33.19
25,738,082.0 087.0,19-4903HO-HY-074-0948-08200870-0030A-7,30,13.02,33.185
25,739,082.0 087.0,19-4903HO-HY-074-0948-08200870-0047A-3,47,12.59,33.15
25,740,082.0 087.0,19-4903HO-HY-074-0948-08200870-0050A-7,50,12.44,33.158
25,741,082.0 087.0,19-4903HO-HY-074-0948-08200870-0070A-3,70,11.4,33.21
25,742,082.0 087.0,19-4903HO-HY-074-0948-08200870-0075A-7,75,11.23,33.196
25,743,082.0 087.0,19-4903HO-HY-074-0948-08200870-0092A-3,92,10.71,33.15
25,744,082.0 087.0,19-4903HO-HY-074-0948-08200870-0100A-7,100,10.4,33.18
25,745,082.0 087.0,19-4903HO-HY-074-0948-08200870-0125A-7,125,9.5,33.349
25,746,082.0 087.0,19-4903HO-HY-074-0948-08200870-0138A-3,138,9.09,33.48
25,747,082.0 087.0,19-4903HO-HY-074-0948-08200870-0150A-7,150,8.9,33.601
25,748,082.0 087.0,19-4903HO-HY-074-0948-08200870-0186A-3,186,8.56,33.93
25,749,082.0 087.0,19-4903HO-HY-074-0948-08200870-0200A-7,200,8.43,33.988
25,750,082.0 087.0,19-4903HO-HY-074-0948-08200870-0250A-7,250,7.95,34.026
25,751,082.0 087.0,19-4903HO-HY-074-0948-08200870-0279A-3,279,7.67,34.07
25,752,082.0 087.0,19-4903HO-HY-074-0948-08200870-0300A-7,300,7.43,34.061
25,753,082.0 087.0,19-4903HO-HY-074-0948-08200870-0370A-3,370,6.64,34.02
25,754,082.0 087.0,19-4903HO-HY-074-0948-08200870-0400A-7,400,6.36,34.046
25,755,082.0 087.0,19-4903HO-HY-074-0948-08200870-0500A-7,500,5.58,34.167
25,756,082.0 087.0,19-4903HO-HY-074-0948-08200870-0553A-3,553,5.26,34.25
25,757,082.0 087.0,19-4903HO-HY-074-0948-08200870-0600A-7,600,5.11,34.27
25,758,082.0 087.0,19-4903HO-HY-074-0948-08200870-0700A-7,700,4.79,34.313
25,759,082.0 087.0,19-4903HO-HY-074-0948-08200870-0800A-7,800,4.47,34.358
25,760,082.0 087.0,19-4903HO-HY-074-0948-08200870-0890A-3,890,4.18,34.4
26,761,082.0 077.0,19-4903HO-HY-074-1606-08200770-0000B-3,0,13.6,33.13
26,762,082.0 077.0,19-4903HO-HY-074-1606-08200770-0009A-3,9,12.98,33.15
26,763,082.0 077.0,19-4903HO-HY-074-1606-08200770-0010A-7,10,12.93,33.149
26,764,082.0 077.0,19-4903HO-HY-074-1606-08200770-0020A-7,20,12.56,33.132
26,765,082.0 077.0,19-4903HO-HY-074-1606-08200770-0021A-3,21,12.54,33.13
26,766,082.0 077.0,19-4903HO-HY-074-1606-08200770-0030A-7,30,12.5,33.131
26,767,082.0 077.0,19-4903HO-HY-074-1606-08200770-0041A-3,41,12.48,33.15
26,768,082.0 077.0,19-4903HO-HY-074-1606-08200770-0050A-7,50,12.18,33.177
26,769,082.0 077.0,19-4903HO-HY-074-1606-08200770-0060A-3,60,11.8,33.24
26,770,082.0 077.0,19-4903HO-HY-074-1606-08200770-0075A-7,75,11.44,33.441
26,771,082.0 077.0,19-4903HO-HY-074-1606-08200770-0078A-3,78,11.38,33.48
26,772,082.0 077.0,19-4903HO-HY-074-1606-08200770-0100A-7,100,10.83,33.457
26,773,082.0 077.0,19-4903HO-HY-074-1606-08200770-0116A-3,116,10.37,33.39
26,774,082.0 077.0,19-4903HO-HY-074-1606-08200770-0125A-7,125,10.02,33.435
26,775,082.0 077.0,19-4903HO-HY-074-1606-08200770-0150A-7,150,9.05,33.607
26,776,082.0 077.0,19-4903HO-HY-074-1606-08200770-0154A-3,154,8.9,33.64
26,777,082.0 077.0,19-4903HO-HY-074-1606-08200770-0200A-7,200,8.05,33.864
26,778,082.0 077.0,19-4903HO-HY-074-1606-08200770-0235A-3,235,7.7,33.96
26,779,082.0 077.0,19-4903HO-HY-074-1606-08200770-0250A-7,250,7.49,33.968
26,780,082.0 077.0,19-4903HO-HY-074-1606-08200770-0300A-7,300,6.86,33.96
26,781,082.0 077.0,19-4903HO-HY-074-1606-08200770-0312A-3,312,6.72,33.95
26,782,082.0 077.0,19-4903HO-HY-074-1606-08200770-0376A-3,376,6.19,33.98
26,783,082.0 077.0,19-4903HO-HY-074-1606-08200770-0400A-7,400,6.04,33.999
26,784,082.0 077.0,19-4903HO-HY-074-1606-08200770-0500A-7,500,5.49,34.083
26,785,082.0 077.0,19-4903HO-HY-074-1606-08200770-0600A-7,600,5.09,34.17
26,786,082.0 077.0,19-4903HO-HY-074-1606-08200770-0634A-3,634,4.98,34.2
26,787,082.0 077.0,19-4903HO-HY-074-1606-08200770-0700A-7,700,4.79,34.221
26,788,082.0 077.0,19-4903HO-HY-074-1606-08200770-0800A-7,800,4.49,34.253
26,789,082.0 077.0,19-4903HO-HY-074-1606-08200770-0900A-7,900,4.19,34.288
26,790,082.0 077.0,19-4903HO-HY-074-1606-08200770-1000A-7,1000,3.9,34.323
26,791,082.0 077.0,19-4903HO-HY-074-1606-08200770-1020A-3,1020,3.84,34.33
27,792,082.0 067.0,19-4903HO-HY-074-2154-08200670-0000B-3,0,14.2,33.37
27,793,082.0 067.0,19-4903HO-HY-074-2154-08200670-0009A-3,9,13.66,33.33
27,794,082.0 067.0,19-4903HO-HY-074-2154-08200670-0010A-7,10,13.62,33.326
27,795,082.0 067.0,19-4903HO-HY-074-2154-08200670-0020A-7,20,13.29,33.289
27,796,082.0 067.0,19-4903HO-HY-074-2154-08200670-0023A-3,23,13.2,33.28
27,797,082.0 067.0,19-4903HO-HY-074-2154-08200670-0030A-7,30,12.88,33.28
27,798,082.0 067.0,19-4903HO-HY-074-2154-08200670-0045A-3,45,12.17,33.28
27,799,082.0 067.0,19-4903HO-HY-074-2154-08200670-0050A-7,50,11.96,33.28
27,800,082.0 067.0,19-4903HO-HY-074-2154-08200670-0067A-3,67,11.32,33.28
27,801,082.0 067.0,19-4903HO-HY-074-2154-08200670-0075A-7,75,11.05,33.291
27,802,082.0 067.0,19-4903HO-HY-074-2154-08200670-0089A-3,89,10.59,33.33
27,803,082.0 067.0,19-4903HO-HY-074-2154-08200670-0100A-7,100,10.21,33.401
27,804,082.0 067.0,19-4903HO-HY-074-2154-08200670-0125A-7,125,9.43,33.598
27,805,082.0 067.0,19-4903HO-HY-074-2154-08200670-0134A-3,134,9.18,33.68
27,806,082.0 067.0,19-4903HO-HY-074-2154-08200670-0150A-7,150,8.84,33.806
27,807,082.0 067.0,19-4903HO-HY-074-2154-08200670-0180A-3,180,8.34,34
27,808,082.0 067.0,19-4903HO-HY-074-2154-08200670-0200A-7,200,8.1,33.984
27,809,082.0 067.0,19-4903HO-HY-074-2154-08200670-0250A-7,250,7.56,33.962
27,810,082.0 067.0,19-4903HO-HY-074-2154-08200670-0274A-3,274,7.35,33.96
27,811,082.0 067.0,19-4903HO-HY-074-2154-08200670-0300A-7,300,7.01,33.961
27,812,082.0 067.0,19-4903HO-HY-074-2154-08200670-0365A-3,365,6.24,33.98
27,813,082.0 067.0,19-4903HO-HY-074-2154-08200670-0400A-7,400,6.04,33.987
27,814,082.0 067.0,19-4903HO-HY-074-2154-08200670-0500A-7,500,5.67,34.02
27,815,082.0 067.0,19-4903HO-HY-074-2154-08200670-0545A-3,545,5.6,34.04
27,816,082.0 067.0,19-4903HO-HY-074-2154-08200670-0600A-7,600,5.37,34.103
27,817,082.0 067.0,19-4903HO-HY-074-2154-08200670-0700A-7,700,4.97,34.218
27,818,082.0 067.0,19-4903HO-HY-074-2154-08200670-0800A-7,800,4.57,34.335
27,819,082.0 067.0,19-4903HO-HY-074-2154-08200670-0821A-3,821,4.49,34.36
27,820,082.0 067.0,19-4903HO-HY-074-2154-08200670-0900A-7,900,4.27,34.36
27,821,082.0 067.0,19-4903HO-HY-074-2154-08200670-1000A-7,1000,3.98,34.36
27,822,082.0 067.0,19-4903HO-HY-074-2154-08200670-1100A-7,1100,3.7,34.36
27,823,082.0 067.0,19-4903HO-HY-074-2154-08200670-1200A-7,1200,3.41,34.36
27,824,082.0 067.0,19-4903HO-HY-074-2154-08200670-1201A-3,1201,3.41,34.2
28,825,092.0 039.0,19-4903NS-HY-059-2242-09200390-0000B-3,0,14.37,33.55
28,826,092.0 039.0,19-4903NS-HY-059-2242-09200390-0009A-3,9,14.23,33.55
28,827,092.0 039.0,19-4903NS-HY-059-2242-09200390-0010A-7,10,14.22,33.55
28,828,092.0 039.0,19-4903NS-HY-059-2242-09200390-0020A-7,20,14.05,33.546
28,829,092.0 039.0,19-4903NS-HY-059-2242-09200390-0026A-3,26,19.76,33.53
28,830,092.0 039.0,19-4903NS-HY-059-2242-09200390-0030A-7,30,13.83,33.534
28,831,092.0 039.0,19-4903NS-HY-059-2242-09200390-0048A-3,48,13.3,33.49
28,832,092.0 039.0,19-4903NS-HY-059-2242-09200390-0050A-7,50,13.22,33.478
28,833,092.0 039.0,19-4903NS-HY-059-2242-09200390-0074A-3,74,12.08,33.37
28,834,092.0 039.0,19-4903NS-HY-059-2242-09200390-0075A-7,75,12.03,33.371
28,835,092.0 039.0,19-4903NS-HY-059-2242-09200390-0100A-3,100,10.77,33.46
28,836,092.0 039.0,19-4903NS-HY-059-2242-09200390-0125A-7,125,10.13,33.575
28,837,092.0 039.0,19-4903NS-HY-059-2242-09200390-0149A-3,149,9.78,33.71
28,838,092.0 039.0,19-4903NS-HY-059-2242-09200390-0150A-7,150,9.76,33.718
28,839,092.0 039.0,19-4903NS-HY-059-2242-09200390-0198A-3,198,8.99,34.09
28,840,092.0 039.0,19-4903NS-HY-059-2242-09200390-0200A-7,200,8.96,34.09
28,841,092.0 039.0,19-4903NS-HY-059-2242-09200390-0250A-7,250,8.33,34.09
28,842,092.0 039.0,19-4903NS-HY-059-2242-09200390-0298A-3,298,7.8,34.09
28,843,092.0 039.0,19-4903NS-HY-059-2242-09200390-0300A-7,300,7.78,34.089
28,844,092.0 039.0,19-4903NS-HY-059-2242-09200390-0399A-3,399,6.73,34.05
28,845,092.0 039.0,19-4903NS-HY-059-2242-09200390-0400A-7,400,6.73,34.051
28,846,092.0 039.0,19-4903NS-HY-059-2242-09200390-0500A-7,500,6.55,34.183
28,847,092.0 039.0,19-4903NS-HY-059-2242-09200390-0598A-3,598,6.38,34.31
28,848,092.0 039.0,19-4903NS-HY-059-2242-09200390-0600A-7,600,6.37,34.312
28,849,092.0 039.0,19-4903NS-HY-059-2242-09200390-0700A-7,700,5.82,34.374
28,850,092.0 039.0,19-4903NS-HY-059-2242-09200390-0800A-7,800,5.23,34.413
28,851,092.0 039.0,19-4903NS-HY-059-2242-09200390-0896A-3,896,4.63,34.43
28,852,092.0 039.0,19-4903NS-HY-059-2242-09200390-0900A-7,900,4.62,34.43
28,853,092.0 039.0,19-4903NS-HY-059-2242-09200390-1000A-7,1000,4.3,34.419
28,854,092.0 039.0,19-4903NS-HY-059-2242-09200390-1100A-7,1100,3.98,34.41
28,855,092.0 039.0,19-4903NS-HY-059-2242-09200390-1200A-7,1200,3.66,34.403
28,856,092.0 039.0,19-4903NS-HY-059-2242-09200390-1244A-3,1244,3.52,34.4
29,857,092.0 048.0,19-4903NS-HY-060-0700-09200480-0000B-3,0,13.6,33.42
29,858,092.0 048.0,19-4903NS-HY-060-0700-09200480-0009A-3,9,13.65,33.49
29,859,092.0 048.0,19-4903NS-HY-060-0700-09200480-0010A-7,10,13.64,33.49
29,860,092.0 048.0,19-4903NS-HY-060-0700-09200480-0020A-7,20,13.57,33.49
29,861,092.0 048.0,19-4903NS-HY-060-0700-09200480-0025A-3,25,13.52,33.49
29,862,092.0 048.0,19-4903NS-HY-060-0700-09200480-0030A-7,30,13.51,33.521
29,863,092.0 048.0,19-4903NS-HY-060-0700-09200480-0046A-3,46,13.48,33.6
29,864,092.0 048.0,19-4903NS-HY-060-0700-09200480-0050A-7,50,13.49,33.587
29,865,092.0 048.0,19-4903NS-HY-060-0700-09200480-0070A-3,70,13.52,33.51
29,866,092.0 048.0,19-4903NS-HY-060-0700-09200480-0075A-7,75,13.46,33.516
29,867,092.0 048.0,19-4903NS-HY-060-0700-09200480-0092A-3,92,13.06,33.48
29,868,092.0 048.0,19-4903NS-HY-060-0700-09200480-0100A-7,100,12.56,33.489
29,869,092.0 048.0,19-4903NS-HY-060-0700-09200480-0125A-7,125,10.93,33.574
29,870,092.0 048.0,19-4903NS-HY-060-0700-09200480-0136A-3,136,10.18,33.64
29,871,092.0 048.0,19-4903NS-HY-060-0700-09200480-0150A-7,150,9.79,33.723
29,872,092.0 048.0,19-4903NS-HY-060-0700-09200480-0180A-3,180,9.31,33.89
29,873,092.0 048.0,19-4903NS-HY-060-0700-09200480-0200A-7,200,8.87,33.961
29,874,092.0 048.0,19-4903NS-HY-060-0700-09200480-0250A-7,250,7.87,34.09
29,875,092.0 048.0,19-4903NS-HY-060-0700-09200480-0279A-3,279,7.36,34.13
29,876,092.0 048.0,19-4903NS-HY-060-0700-09200480-0300A-7,300,7.15,34.154
29,877,092.0 048.0,19-4903NS-HY-060-0700-09200480-0381A-3,381,6.63,34.2
29,878,092.0 048.0,19-4903NS-HY-060-0700-09200480-0400A-7,400,6.56,34.203
29,879,092.0 048.0,19-4903NS-HY-060-0700-09200480-0500A-7,500,6.2,34.223
29,880,092.0 048.0,19-4903NS-HY-060-0700-09200480-0582A-3,582,5.9,34.24
30,881,092.0 058.0,19-4903NS-HY-060-1336-09200580-0000B-3,0,13.2,33.49
30,882,092.0 058.0,19-4903NS-HY-060-1336-09200580-0009A-3,9,13.26,33.49
30,883,092.0 058.0,19-4903NS-HY-060-1336-09200580-0010A-7,10,13.26,33.492
30,884,092.0 058.0,19-4903NS-HY-060-1336-09200580-0020A-7,20,13.16,33.517
30,885,092.0 058.0,19-4903NS-HY-060-1336-09200580-0026A-3,26,13.65,33.52
30,886,092.0 058.0,19-4903NS-HY-060-1336-09200580-0030A-7,30,12.96,33.544
30,887,092.0 058.0,19-4903NS-HY-060-1336-09200580-0049A-3,49,12.28,33.6
30,888,092.0 058.0,19-4903NS-HY-060-1336-09200580-0050A-7,50,12.23,33.601
30,889,092.0 058.0,19-4903NS-HY-060-1336-09200580-0075A-3,75,10.87,33.62
30,890,092.0 058.0,19-4903NS-HY-060-1336-09200580-0100A-7,100,10.16,33.62
30,891,092.0 058.0,19-4903NS-HY-060-1336-09200580-0102A-3,102,10.12,33.62
30,892,092.0 058.0,19-4903NS-HY-060-1336-09200580-0125A-7,125,9.8,33.721
30,893,092.0 058.0,19-4903NS-HY-060-1336-09200580-0150A-7,150,9.53,33.849
30,894,092.0 058.0,19-4903NS-HY-060-1336-09200580-0152A-3,152,9.51,33.86
30,895,092.0 058.0,19-4903NS-HY-060-1336-09200580-0200A-7,200,8.61,33.947
30,896,092.0 058.0,19-4903NS-HY-060-1336-09200580-0203A-3,203,8.55,33.95
30,897,092.0 058.0,19-4903NS-HY-060-1336-09200580-0250A-7,250,7.82,34.05
30,898,092.0 058.0,19-4903NS-HY-060-1336-09200580-0300A-7,300,7.2,34.131
30,899,092.0 058.0,19-4903NS-HY-060-1336-09200580-0307A-3,307,7.13,34.14
30,900,092.0 058.0,19-4903NS-HY-060-1336-09200580-0400A-7,400,6.48,34.091
30,901,092.0 058.0,19-4903NS-HY-060-1336-09200580-0409A-3,409,6.44,34.09
30,902,092.0 058.0,19-4903NS-HY-060-1336-09200580-0500A-7,500,6.04,34.161
30,903,092.0 058.0,19-4903NS-HY-060-1336-09200580-0600A-7,600,5.68,34.274
30,904,092.0 058.0,19-4903NS-HY-060-1336-09200580-0612A-3,612,5.64,34.29
30,905,092.0 058.0,19-4903NS-HY-060-1336-09200580-0700A-7,700,5.25,34.328
30,906,092.0 058.0,19-4903NS-HY-060-1336-09200580-0800A-7,800,4.83,34.373
30,907,092.0 058.0,19-4903NS-HY-060-1336-09200580-0900A-7,900,4.42,34.422
30,908,092.0 058.0,19-4903NS-HY-060-1336-09200580-0917A-3,917,4.35,34.43
30,909,092.0 058.0,19-4903NS-HY-060-1336-09200580-1000A-7,1000,4.11,34.65
30,910,092.0 058.0,19-4903NS-HY-060-1336-09200580-1100A-7,1100,3.83,34.65
30,911,092.0 058.0,19-4903NS-HY-060-1336-09200580-1200A-7,1200,3.54,34.65
30,912,092.0 058.0,19-4903NS-HY-060-1336-09200580-1263A-3,1263,3.36,34.65
31,913,092.0 068.0,19-4903NS-HY-060-2012-09200680-0000B-3,0,13.65,33.51
31,914,092.0 068.0,19-4903NS-HY-060-2012-09200680-0008A-3,8,13.71,33.49
31,915,092.0 068.0,19-4903NS-HY-060-2012-09200680-0010A-7,10,13.71,33.48
31,916,092.0 068.0,19-4903NS-HY-060-2012-09200680-0020A-7,20,13.68,33.433
31,917,092.0 068.0,19-4903NS-HY-060-2012-09200680-0023A-3,23,13.67,33.42
31,918,092.0 068.0,19-4903NS-HY-060-2012-09200680-0030A-7,30,13.69,33.427
31,919,092.0 068.0,19-4903NS-HY-060-2012-09200680-0044A-3,44,13.72,33.44
31,920,092.0 068.0,19-4903NS-HY-060-2012-09200680-0050A-7,50,13.55,33.436
31,921,092.0 068.0,19-4903NS-HY-060-2012-09200680-0068A-3,68,12.79,33.4
31,922,092.0 068.0,19-4903NS-HY-060-2012-09200680-0075A-7,75,12.42,33.368
31,923,092.0 068.0,19-4903NS-HY-060-2012-09200680-0092A-3,92,11.52,33.3
31,924,092.0 068.0,19-4903NS-HY-060-2012-09200680-0100A-7,100,11.16,33.291
31,925,092.0 068.0,19-4903NS-HY-060-2012-09200680-0125A-7,125,10.18,33.333
31,926,092.0 068.0,19-4903NS-HY-060-2012-09200680-0139A-3,139,9.74,33.4
31,927,092.0 068.0,19-4903NS-HY-060-2012-09200680-0150A-7,150,9.46,33.494
31,928,092.0 068.0,19-4903NS-HY-060-2012-09200680-0184A-3,184,8.76,33.8
31,929,092.0 068.0,19-4903NS-HY-060-2012-09200680-0200A-7,200,8.5,33.865
31,930,092.0 068.0,19-4903NS-HY-060-2012-09200680-0250A-7,250,7.8,33.977
31,931,092.0 068.0,19-4903NS-HY-060-2012-09200680-0276A-3,276,7.51,33.98
31,932,092.0 068.0,19-4903NS-HY-060-2012-09200680-0300A-7,300,7.19,34.011
31,933,092.0 068.0,19-4903NS-HY-060-2012-09200680-0366A-3,366,6.45,34.09
31,934,092.0 068.0,19-4903NS-HY-060-2012-09200680-0400A-7,400,6.39,34.154
31,935,092.0 068.0,19-4903NS-HY-060-2012-09200680-0500A-7,500,6.23,34.299
31,936,092.0 068.0,19-4903NS-HY-060-2012-09200680-0532A-3,532,6.18,34.33
31,937,092.0 068.0,19-4903NS-HY-060-2012-09200680-0600A-7,600,5.83,34.382
31,938,092.0 068.0,19-4903NS-HY-060-2012-09200680-0700A-7,700,5.26,34.431
31,939,092.0 068.0,19-4903NS-HY-060-2012-09200680-0789A-3,789,4.71,34.45
31,940,092.0 068.0,19-4903NS-HY-060-2012-09200680-0800A-7,800,4.67,34.448
31,941,092.0 068.0,19-4903NS-HY-060-2012-09200680-0900A-7,900,4.35,34.43
31,942,092.0 068.0,19-4903NS-HY-060-2012-09200680-1000A-7,1000,4.03,34.415
31,943,092.0 068.0,19-4903NS-HY-060-2012-09200680-1100A-7,1100,3.71,34.401
31,944,092.0 068.0,19-4903NS-HY-060-2012-09200680-1105A-3,1105,3.69,34.4
32,945,092.0 078.0,19-4903NS-HY-061-0224-09200780-0000B-3,0,13.6,33.4
32,946,092.0 078.0,19-4903NS-HY-061-0224-09200780-0009A-3,9,13.61,33.33
32,947,092.0 078.0,19-4903NS-HY-061-0224-09200780-0010A-7,10,13.61,33.331
32,948,092.0 078.0,19-4903NS-HY-061-0224-09200780-0020A-7,20,13.57,33.344
32,949,092.0 078.0,19-4903NS-HY-061-0224-09200780-0026A-3,26,13.54,33.35
32,950,092.0 078.0,19-4903NS-HY-061-0224-09200780-0030A-7,30,13.53,33.358
32,951,092.0 078.0,19-4903NS-HY-061-0224-09200780-0049A-3,49,13.47,33.39
32,952,092.0 078.0,19-4903NS-HY-061-0224-09200780-0050A-7,50,13.46,33.389
32,953,092.0 078.0,19-4903NS-HY-061-0224-09200780-0075A-7,75,13,33.295
32,954,092.0 078.0,19-4903NS-HY-061-0224-09200780-0080A-3,80,12.85,33.26
32,955,092.0 078.0,19-4903NS-HY-061-0224-09200780-0100A-7,100,11.91,33.274
32,956,092.0 078.0,19-4903NS-HY-061-0224-09200780-0102A-3,102,11.8,33.28
32,957,092.0 078.0,19-4903NS-HY-061-0224-09200780-0125A-7,125,10.45,33.431
32,958,092.0 078.0,19-4903NS-HY-061-0224-09200780-0150A-7,150,9.18,33.641
32,959,092.0 078.0,19-4903NS-HY-061-0224-09200780-0152A-3,152,9.09,33.66
32,960,092.0 078.0,19-4903NS-HY-061-0224-09200780-0200A-7,200,8.45,33.867
32,961,092.0 078.0,19-4903NS-HY-061-0224-09200780-0201A-3,201,8.45,33.87
32,962,092.0 078.0,19-4903NS-HY-061-0224-09200780-0250A-7,250,7.79,33.87
32,963,092.0 078.0,19-4903NS-HY-061-0224-09200780-0300A-3,300,7.18,33.87
32,964,092.0 078.0,19-4903NS-HY-061-0224-09200780-0400A-7,400,6.4,34.061
32,965,092.0 078.0,19-4903NS-HY-061-0224-09200780-0404A-3,404,6.38,34.07
32,966,092.0 078.0,19-4903NS-HY-061-0224-09200780-0500A-7,500,5.84,34.205
32,967,092.0 078.0,19-4903NS-HY-061-0224-09200780-0600A-7,600,5.34,34.322
32,968,092.0 078.0,19-4903NS-HY-061-0224-09200780-0610A-3,610,5.26,34.4
32,969,092.0 078.0,19-4903NS-HY-061-0224-09200780-0700A-7,700,4.92,34.412
32,970,092.0 078.0,19-4903NS-HY-061-0224-09200780-0800A-7,800,4.57,34.476
32,971,092.0 078.0,19-4903NS-HY-061-0224-09200780-0896A-3,896,4.31,34.51
32,972,092.0 078.0,19-4903NS-HY-061-0224-09200780-0900A-7,900,4.3,34.511
32,973,092.0 078.0,19-4903NS-HY-061-0224-09200780-1000A-7,1000,4.01,34.53
32,974,092.0 078.0,19-4903NS-HY-061-0224-09200780-1100A-7,1100,3.71,34.55
32,975,092.0 078.0,19-4903NS-HY-061-0224-09200780-1200A-7,1200,3.42,34.572
32,976,092.0 078.0,19-4903NS-HY-061-0224-09200780-1235A-3,1235,3.32,34.58
33,977,092.0 088.0,19-4903NS-HY-061-0906-09200880-0000B-3,0,13.3,33.44
33,978,092.0 088.0,19-4903NS-HY-061-0906-09200880-0008A-3,8,13.35,33.28
33,979,092.0 088.0,19-4903NS-HY-061-0906-09200880-0010A-7,10,13.32,33.275
33,980,092.0 088.0,19-4903NS-HY-061-0906-09200880-0020A-7,20,13.11,33.236
33,981,092.0 088.0,19-4903NS-HY-061-0906-09200880-0025A-3,25,12.98,33.21
33,982,092.0 088.0,19-4903NS-HY-061-0906-09200880-0030A-7,30,12.92,33.199
33,983,092.0 088.0,19-4903NS-HY-061-0906-09200880-0046A-3,46,12.78,33.19
33,984,092.0 088.0,19-4903NS-HY-061-0906-09200880-0050A-7,50,12.75,33.192
33,985,092.0 088.0,19-4903NS-HY-061-0906-09200880-0071A-3,71,12.64,33.24
33,986,092.0 088.0,19-4903NS-HY-061-0906-09200880-0075A-7,75,12.62,33.254
33,987,092.0 088.0,19-4903NS-HY-061-0906-09200880-0096A-3,96,12.52,33.39
33,988,092.0 088.0,19-4903NS-HY-061-0906-09200880-0100A-7,100,12.31,33.407
33,989,092.0 088.0,19-4903NS-HY-061-0906-09200880-0125A-7,125,10.89,33.519
33,990,092.0 088.0,19-4903NS-HY-061-0906-09200880-0144A-3,144,9.67,33.62
33,991,092.0 088.0,19-4903NS-HY-061-0906-09200880-0150A-7,150,9.49,33.661
33,992,092.0 088.0,19-4903NS-HY-061-0906-09200880-0191A-3,191,8.66,33.91
33,993,092.0 088.0,19-4903NS-HY-061-0906-09200880-0200A-7,200,8.5,33.938
33,994,092.0 088.0,19-4903NS-HY-061-0906-09200880-0250A-7,250,7.76,34.035
33,995,092.0 088.0,19-4903NS-HY-061-0906-09200880-0286A-3,286,7.36,34.04
33,996,092.0 088.0,19-4903NS-HY-061-0906-09200880-0300A-7,300,7.22,34.04
33,997,092.0 088.0,19-4903NS-HY-061-0906-09200880-0379A-3,379,6.58,34.04
33,998,092.0 088.0,19-4903NS-HY-061-0906-09200880-0400A-7,400,6.44,34.049
33,999,092.0 088.0,19-4903NS-HY-061-0906-09200880-0500A-7,500,5.85,34.113
33,1000,092.0 088.0,19-4903NS-HY-061-0906-09200880-0552A-3,552,5.6,34.16
33,1001,092.0 088.0,19-4903NS-HY-061-0906-09200880-0600A-7,600,5.37,34.217
33,1002,092.0 088.0,19-4903NS-HY-061-0906-09200880-0700A-7,700,4.92,34.334
33,1003,092.0 088.0,19-4903NS-HY-061-0906-09200880-0800A-7,800,4.53,34.444
33,1004,092.0 088.0,19-4903NS-HY-061-0906-09200880-0843A-3,843,4.38,34.49
33,1005,092.0 088.0,19-4903NS-HY-061-0906-09200880-0900A-7,900,4.22,34.501
33,1006,092.0 088.0,19-4903NS-HY-061-0906-09200880-1000A-7,1000,3.93,34.522
33,1007,092.0 088.0,19-4903NS-HY-061-0906-09200880-1100A-7,1100,3.64,34.544
33,1008,092.0 088.0,19-4903NS-HY-061-0906-09200880-1168A-3,1168,3.45,34.56
34,1009,092.0 098.0,19-4903NS-HY-061-1618-09200980-0000B-3,0,13.89,33.42
34,1010,092.0 098.0,19-4903NS-HY-061-1618-09200980-0009A-3,9,13.94,33.51
34,1011,092.0 098.0,19-4903NS-HY-061-1618-09200980-0010A-7,10,13.94,33.507
34,1012,092.0 098.0,19-4903NS-HY-061-1618-09200980-0020A-7,20,13.93,33.458
34,1013,092.0 098.0,19-4903NS-HY-061-1618-09200980-0025A-3,25,13.92,33.42
34,1014,092.0 098.0,19-4903NS-HY-061-1618-09200980-0030A-7,30,13.84,33.409
34,1015,092.0 098.0,19-4903NS-HY-061-1618-09200980-0048A-3,48,13.48,33.35
34,1016,092.0 098.0,19-4903NS-HY-061-1618-09200980-0050A-7,50,13.47,33.351
34,1017,092.0 098.0,19-4903NS-HY-061-1618-09200980-0075A-3,75,13.07,33.31
34,1018,092.0 098.0,19-4903NS-HY-061-1618-09200980-0100A-7,100,11.73,33.328
34,1019,092.0 098.0,19-4903NS-HY-061-1618-09200980-0101A-3,101,11.67,33.33
34,1020,092.0 098.0,19-4903NS-HY-061-1618-09200980-0125A-7,125,10.52,33.401
34,1021,092.0 098.0,19-4903NS-HY-061-1618-09200980-0150A-3,150,9.55,33.51
34,1022,092.0 098.0,19-4903NS-HY-061-1618-09200980-0197A-3,197,8.62,33.75
34,1023,092.0 098.0,19-4903NS-HY-061-1618-09200980-0200A-7,200,8.57,33.757
